Country,Year,LifeExpectancy,GDPperCapita,Population,SchoolEnrollment,InternetUsers,HealthExpenditure,LiteracyRate,GDPGrowth
Brazil,1996,68.108,5179.130520024644,164202549.0,,0.451,,,2.2088640503902184
Mauritania,2017,67.088,1615.0040132732322,4210600.0,87.8173094861384,21.0172,55.22446442,,6.270545669376773
India,2006,65.373,801.6683536590223,1172878890.0,,2.8055,29.37600899,62.75,8.060732571666506
Belgium,1998,77.47317073170733,25338.44329349042,10203008.0,,7.89,,,1.961832404556091
Ghana,2000,58.139,253.74693620334375,19637087.0,79.9403762817383,0.153615,10.4517746,57.9000015258789,3.7000000816440775
Malaysia,2018,75.734,10901.80199544212,32910967.0,95.7761544783431,81.201,409.84710693,94.8499984741211,4.843086976348815
Guinea-Bissau,1992,47.518,574.3211064181103,1024356.0,48.1332893371582,,,,1.0999999677652568
American Samoa,2011,72.662,10383.459331450951,54895.0,,,,,0.0
Least developed countries: UN classification,2019,64.97245344155407,1104.1863315105152,1058013514.0,102.805526733398,21.9,41.96966623293236,66.2221832275391,5.101977814170766
Portugal,2019,81.67560975609757,23343.362897003433,10286263.0,104.897682189941,75.3464,2221.73120117,,2.7456847956423616
OECD members,2016,79.89142269189136,36235.99882506374,1340142055.0,102.840217590332,,4445.736993571749,,1.8433244775090711
Slovenia,2003,76.85853658536585,14711.674874253047,1995733.0,110.09203338623,31.8548,1203.06359863,,3.1950311723603733
Pakistan,2016,65.943,1424.6916119589737,220138869.0,75.7336415786478,12.3854,36.46934128,,6.573838285110426
Barbados,2000,74.58,11674.673647176442,262063.0,102.616241455078,3.97368,622.47875977,,4.447189628362409
Fiji,2000,66.194,1995.7207116326392,840909.0,100.265716552734,1.49685,74.28569794,,-1.6999984160551094
Malta,1996,77.34146341463416,10061.698965679334,379905.0,,1.05,,,3.777335666688586
Norway,1990,76.53731707317074,28242.98140282198,4241473.0,,0.707,,,1.9322913067060057
Mauritania,2015,66.498,1554.9489787178247,3965959.0,96.699365333097,17.6,57.1233139,65.1100006103516,5.3763392409925075
Jamaica,2003,71.585,3549.7075839461813,2656623.0,90.5682067871094,7.8,149.80267334,,3.6663175927902074
Curacao,2008,74.314,19423.335243017525,145880.0,,,,,2.188043080191676
Latin America & Caribbean,1997,69.96222211945111,4634.547769468715,497097004.0,113.496803283691,,,87.9306335449219,5.396516194643425
OECD members,1990,74.53856707228601,17011.413526842574,1107695519.0,,,,,2.937450524590929
Uganda,1994,47.675,198.44198799879513,20108801.0,70.2334213256836,,,,6.40363574007452
India,1996,61.027,401.0467546735786,979678458.0,,0.0463,,,7.549522249200507
New Caledonia,2013,76.867,36671.156675262064,276822.0,,66.0,,,
Isle of Man,2015,80.267,84753.51874227317,83593.0,,,,,-0.385866882198087
Pacific island small states,2004,67.10381695777916,2272.931629931322,2145505.0,103.436538696289,,116.5140840211421,,3.9887424824077016
Burundi,2010,57.088,216.72770530197636,9376444.0,135.159734772168,1.0,24.45114708,,5.124159994398056
United Arab Emirates,2018,82.449,45689.857004940095,9346701.0,105.675358079069,98.45,1872.58422852,,1.3139138815357825
Niger,1992,43.064,384.02965730431566,8817633.0,26.2263698577881,,,,2.0007523614285105
South Asia,1998,61.8215419198501,413.7050579951287,1191405930.0,,,,57.9161109924316,5.985544534335858
Saudi Arabia,1998,71.957,9836.057297685738,14922185.0,,0.101,,,2.803811839989919
China,2017,77.235,8979.676527098563,1396215000.0,97.5379880463436,54.3,439.94006348,,6.891266362121101
Iceland,1993,78.93463414634148,23579.79536124172,263725.0,,2.67,,,1.3134494798600684
Finland,1996,76.69341463414635,25756.677707361778,5124573.0,,16.8,,,3.662657169871863
Qatar,2007,77.741,65954.3419525051,1208595.0,98.2639617919922,37.0,1301.49682617,93.0800018310547,17.98565681602635
Low income,1992,51.09723508135648,355.9223472443973,257817106.0,58.1169815063477,,,47.8176193237305,0.6440995908471479
Kenya,1990,58.334,374.4589928955619,22892651.0,105.313667297363,0.0,,,4.192050971551666
Burundi,1992,44.469,184.86897045644665,5858407.0,61.2891883850098,0.0,,,1.0099983709962856
Sub-Saharan Africa (IDA & IBRD countries),2011,57.473441843073374,1779.854731263178,919528126.0,95.7367477416992,7.6,92.6752598448592,61.0053901672363,4.454914700005247
Suriname,1994,62.542,1433.5425565278078,422375.0,138.656692504883,,,,3.3999988973605753
Middle income,2013,70.65585397159789,4637.494687426451,5322381812.0,104.493049621582,,236.2186381270138,84.45263671875,5.668846532925471
Guinea-Bissau,2000,50.565,316.94549503763886,1234741.0,75.5002975463867,0.230103,13.2785511,41.3600006103516,1.1002781577742269
Myanmar,2020,66.612,1490.216835483673,53016522.0,,45.4477,66.02284241,93.5471293315427,-9.04834717984643
Peru,2000,69.821,1945.4133845169831,26598331.0,116.377288818359,3.07643,83.63842773,,2.694371398069123
Tonga,1998,69.224,1888.8319402828156,101388.0,,0.765,,,2.2925765040133967
Israel,1990,76.60731707317075,13308.311060238037,4660000.0,,0.111,,,7.315199194480698
Algeria,2004,72.536,2816.9938496055483,32628286.0,111.655128479004,4.63448,92.6876297,,4.499999999766985
South Africa,2009,57.413,6374.705600429925,51728516.0,102.598709106445,10.0,487.62774658,92.8899993896484,-1.5380891352558308
South Asia (IDA & IBRD),1996,60.918848295428354,400.0951140235445,1145998648.0,,,,51.7785606384277,7.074306040327343
Small states,2007,68.5761118394504,10035.959547175318,17047450.0,103.954048156738,23.3,570.0859187565649,82.8389511108398,4.657115139567765
"Korea, Dem. People's Rep.",1994,70.472,,22393975.0,,,,,
Zimbabwe,2008,48.456,340.7402102981584,12959149.0,,3.5,,,-17.668946330105513
Palau,2003,65.446,7862.042830255862,19659.0,113.169898986816,21.6015,638.3067627,,-3.223277067682602
Belize,2006,70.535,5527.167758564392,287878.0,119.866386413574,24.0,196.11968994,,4.511447375822698
Lithuania,2020,75.02926829268293,20428.647815739412,2810369.0,103.468246459961,83.0555,1520.39221191,,0.0428158336981425
Austria,2006,79.88048780487806,40382.20782985749,8268641.0,102.310897827148,63.6,3882.98193359,,3.2693360150605884
St. Kitts and Nevis,2019,71.54,23595.49232312906,46952.0,129.53181272509,69.4,1223.83544922,,2.9382465805635576
"Macao SAR, China",2016,83.27560975609757,69074.03630492122,652500.0,101.287356321839,81.643,,96.5400009155273,-0.6791836178868635
"Bahamas, The",1990,70.945,11473.300838935294,275945.0,107.145416259766,0.0,,,-1.5962490875552078
Malawi,1993,43.648,293.0168830799217,10284024.0,91.8353881835938,,,,9.691840595127816
Guatemala,2015,70.915,3893.505220935085,15971743.0,103.756960177093,28.8059,233.8447876,80.1999969482422,4.092170721411634
Cameroon,2012,58.17,1449.0987436227924,20809529.0,114.354228488521,7.5,56.96441269,,4.625978722095709
Latvia,2007,71.01951219512196,13370.978945250785,2200325.0,104.213363647461,59.17,775.19146729,,10.4145372792714
New Zealand,2020,82.25609756097562,41850.92032801996,5090200.0,97.5365295410156,95.2342,4214.57177734,,-0.3072468960265411
Philippines,1991,64.622,804.3233305305467,64382249.0,105.011001586914,,,,-0.4363900805334282
New Zealand,2018,81.70731707317074,43257.07692388786,4900600.0,98.5529708862305,89.0,3907.59912109,,3.470582038663281
Lebanon,1997,72.94,3834.059078753098,4108405.0,80.5919799804688,1.24,,,1.0549666674066742
Montenegro,1994,73.58778048780489,,611389.0,,,,,
Bhutan,1995,59.277,530.1036769274173,547989.0,62.3229904174805,,,,7.074117457577842
St. Vincent and the Grenadines,2020,69.605,8351.203240409815,103526.0,,63.381,406.3571167,,-4.268924344226491
Dominican Republic,2015,72.982,6800.953093954736,10434829.0,112.013491719354,54.2158,322.04864502,91.9899978637695,6.987711312363871
Hungary,2010,74.20731707317074,13189.843387476838,10000023.0,100.467422485352,65.0,983.11083984,,1.0679506815204576
Finland,2008,79.56829268292684,53769.47262403853,5313399.0,99.7198715209961,83.67,4486.33789063,,0.7844312357170509
Cayman Islands,2004,74.596,,45352.0,99.5556869506836,,,,
Lesotho,1993,58.06,439.3654106814824,1901793.0,97.0648422241211,,,,3.5097661576011063
El Salvador,1990,61.981,892.1827151970303,5399726.0,,0.0,,,4.832900577937863
"Middle East, North Africa, Afghanistan & Pakistan (excluding high income)",2007,67.65036039938606,2237.2618832055273,540838105.0,,9.7,96.75024010926585,,5.817497598822399
Sint Maarten (Dutch part),2014,75.735,37134.91242309905,36672.0,122.771285475793,,,,1.5803822153911256
Viet Nam,1998,72.283,361.3509284111671,75299660.0,119.422866821289,0.0131,,,5.7644554584884276
Malawi,2020,65.216,602.5074781761056,19533888.0,136.43618677975,13.8995,43.22896194,70.1500015258789,0.7935964297872857
Viet Nam,2016,73.984,2735.060438041602,94000117.0,105.947597481197,53.0,133.1960144,,6.690008926604236
Estonia,1999,70.06341463414634,4140.936602321673,1390244.0,,14.499999999999998,,,-0.4250253720866226
Channel Islands,1993,76.8,,144984.0,,,,,
Portugal,2006,78.41951219512195,19839.45404990321,10522288.0,113.981163024902,38.01,1857.64526367,,1.6250353214199151
Faroe Islands,2015,81.79268292682929,52635.037546360894,48901.0,,94.2,,,0.9580019344862336
Niger,2011,57.6,510.7595617626796,17176283.0,65.2535100604653,0.9,24.84123039,,2.35775693603874
Saudi Arabia,2011,75.808,27126.74987477018,25091867.0,128.024230557425,47.5,954.38873291,,11.75885680520048
Malaysia,2012,75.552,10600.574424002583,29662831.0,98.7042528833624,65.8,371.76046753,,5.473454192538526
Gabon,2011,65.102,10219.11393394536,1781985.0,129.775996342797,18.0,261.37597656,,7.091753342586543
Niger,1995,45.504,237.01998956862047,9714529.0,27.8103904724121,,,,2.457244122315501
Zimbabwe,2006,47.056,430.80921401024233,12636445.0,,2.4,,,-3.461495187813668
Lebanon,2001,74.354,4009.5592975110153,4401918.0,84.4280319213867,6.78322,416.57485962,,3.839669277029728
North America,2014,79.13565535229097,54742.832042680086,354755155.0,99.6610717773438,74.4,8438.119886999038,,2.549447136489462
Ethiopia,2005,54.364,158.24345808246497,78367470.0,74.5096893310547,0.21966,6.4820013,,11.818765946649364
Tuvalu,1998,63.162,1459.649371417185,9451.0,104.646018981934,,,,15.501166126048844
Central Europe and the Baltics,1997,71.51725806968221,3757.407409772123,109422013.0,,,,,2.2353211030734315
Pacific island small states,2016,68.2856508563666,3853.812730153795,2477794.0,107.166816711426,,185.20215485008887,,3.648407726959064
Latin America & Caribbean,1990,67.50660518554868,2501.0047899242877,440958144.0,,,,83.9731674194336,-0.3708120397992616
Cayman Islands,2013,77.652,75113.73323986177,58655.0,98.6759930052461,71.4,,,1.2793310199902097
Ghana,2001,58.403,263.5421564948529,20167069.0,75.4195938110352,0.200008,12.14821911,,4.0000001280791935
IBRD only,2011,71.82703339309043,5338.490088335306,4483152627.0,106.66024017334,28.6,267.34227146394926,87.4475784301758,6.368346740531166
"Congo, Dem. Rep.",2020,60.428,507.5212300778722,95989998.0,115.898292541504,21.6422,20.5593071,65.6914486099044,1.735422766814935
Gabon,1996,61.265,4942.678700276148,1152015.0,134.898681640625,0.0,,,3.6250490202798744
Ireland,2018,82.2048780487805,80738.96288346963,4898022.0,101.03288269043,87.0001,5187.05761719,,7.544342141426696
United States,2002,76.93658536585366,37997.7424300242,287625193.0,,58.7854,5327.93701172,,1.7004473278453958
United States,2019,78.78780487804877,65227.95659110383,330226227.0,100.981300354004,89.4303,10546.01367188,,2.583825330188887
Heavily indebted poor countries (HIPC),2019,63.08980041832777,984.5706615581628,824649053.0,101.520050048828,,44.83318889544289,64.711311340332,4.467945974919019
Belgium,2020,80.69512195121952,45906.287580524586,11538604.0,102.064270019531,91.5264,5144.98144531,,-4.7929839083518
South Asia,2017,70.29047233800607,1956.067075541859,1572520427.0,117.016357421875,18.8,56.50308722184365,74.018913269043,6.784119660177225
High income,2015,79.52437462399278,36571.192904688,1366013616.0,100.839988708496,78.3,4374.8701227828815,,2.34360859010809
Palau,2000,64.499,7797.257273959745,19178.0,114.16813659668,,675.54473877,,-2.603902465236189
Belize,2010,70.875,5451.138971724773,320245.0,112.946476456076,28.2,244.02867126,,1.1140357874026137
"Gambia, The",2002,57.736,376.5310269625843,1535691.0,69.3324279785156,1.79678,35.99459839,,-3.2500001497020605
Dominican Republic,2003,70.856,2383.2617178039336,8980620.0,115.68123626709,7.89839,104.59856415,,-1.349357447827657
Comoros,2010,62.747,1386.5753355337638,654836.0,,5.1,69.21523285,,4.801058168233865
Belize,1993,69.595,3862.710490400304,194902.0,117.587097167969,,,,6.137999894897277
Burkina Faso,2019,60.184,764.8530777749462,20961952.0,89.7861564043823,9.27181,41.05052185,29.6599998474121,5.889204970681348
French Polynesia,2003,79.71,19582.89363953116,251637.0,,14.1243,,,2.126928848726095
Jordan,2012,74.087,4169.504700546181,7587127.0,90.9311831042006,37.0,325.97836304,97.8899993896484,2.4293580010023845
Brunei Darussalam,2000,74.017,20130.2571493081,326424.0,112.037879943848,8.99628,519.05047607,,3.4746762502411173
Bangladesh,1994,57.64,280.60303179121615,120343179.0,,,,,3.890126441168178
Central African Republic,2014,40.265,409.8504859646996,4623182.0,,2.7,18.7120266,,0.0810705153264876
Low & middle income,2017,70.80829051511772,4607.317363113115,6094196886.0,101.818687438965,,238.5806513703572,84.0636520385742,5.319627721133145
Saudi Arabia,1999,72.29,10452.189940047903,15472075.0,,0.494,,,-0.6333936409202465
East Asia & Pacific (IDA & IBRD countries),2016,75.18322699554773,6758.740154806218,2045816761.0,100.886978149414,47.6,312.59442934235096,95.6880264282227,6.509920702296256
Bangladesh,2017,71.606,1811.0822166864589,162186147.0,105.128820425409,21.5,42.17510986,72.8899993896484,6.590249997940575
Ireland,1998,76.18048780487807,24294.85476740075,3712696.0,,8.1,,,8.766126227806168
Kuwait,1999,76.07795121951222,15853.626442346618,1900030.0,89.2440338134766,4.760000000000001,,,-1.7890091245007935
Namibia,2001,51.98,1915.589265948749,1857048.0,112.325736999512,2.41698,185.65335083,84.9400024414062,1.1779486946791735
Tajikistan,2004,66.604,305.7451585875024,6790547.0,96.8863906860352,0.0774799,14.6509676,,10.299998941011651
Latin America & the Caribbean (IDA & IBRD countries),2020,73.07474936174734,7240.296723763923,630051021.0,105.986572265625,74.0,577.7774661404812,94.2312622070312,-6.529023640435369
IBRD only,1996,67.02530442208804,1421.848246315834,3780446473.0,104.015632629395,,,77.1229019165039,5.489793942677707
Africa Western and Central,2005,52.55575310011284,1001.604606881726,316588476.0,86.3789825439453,2.3,41.54610690056329,51.6088981628418,5.912110880874977
Slovak Republic,2007,74.20731707317074,16110.48172652373,5374622.0,102.25048828125,61.8,1029.30029297,,10.818629507490355
Belize,1998,68.906,4127.937186074707,225173.0,,2.09,,,3.890469748565579
Botswana,2005,54.386,5391.070766196335,1839877.0,111.46208190918,3.26255,281.38796997,,4.556645653231811
"Gambia, The",1990,51.278,300.63989574038123,1054696.0,50.5561599731445,0.0,,,3.55887936756983
Thailand,2015,76.563,5688.853353978842,70540795.0,103.333457946777,39.3161,219.15092468,92.870002746582,3.1340472491163496
Bangladesh,1997,59.671,379.2849177096349,127198069.0,,0.000751,,,4.4898964976265034
Cote d'Ivoire,2008,54.179,1583.9706670137175,21514439.0,62.3004684448242,1.9,64.67678833,,4.782665978767199
Low & middle income,2012,69.58233057840914,4130.064443785129,5709187884.0,102.949851989746,,207.5254005228102,82.1876220703125,5.4871187080265
Bhutan,2020,72.253,3191.6690699933065,770006.0,103.826009511759,76.8508,134.13723755,,-10.21839742085686
Euro area,1996,77.14832367633986,23652.352088531225,322568383.0,,,,,1.7430593667738776
Antigua and Barbuda,1992,73.386,8153.737863072687,64404.0,104.460166931152,,,,1.1585507771082746
United Kingdom,2019,81.36912195121953,42794.00226482881,66631000.0,101.90941619873,92.5166,4258.63476563,,1.6244751803840387
Switzerland,2002,80.38536585365854,42458.73846791871,7284753.0,104.001480102539,61.4,4211.72949219,,-0.0732172569941127
Aruba,1999,72.857,19216.1972354472,89659.0,,4.51,,,1.2380418420715955
United Kingdom,2003,78.44634146341464,34442.68754023079,59647577.0,100.598129272461,64.82,2789.35131836,,3.152346518822654
Djibouti,2008,59.815,1119.152333469688,892734.0,,2.26,55.90976715,,
Fragile and conflict affected situations,2020,62.06636828540312,1685.097950888579,994901090.0,95.4652328491211,30.7,74.50165528640903,67.1063995361328,-5.023115941366953
Ethiopia,2012,61.443,452.1010318857536,95798767.0,89.9253221073517,2.9,20.00217628,,8.647811633373692
Malta,2000,78.34878048780489,10348.486016300049,390087.0,106.36759185791,13.1137,647.10150146,,19.68126925715437
Cuba,2004,77.326,3399.219628934021,11238756.0,103.290786743164,8.40798,232.22746277,,5.7705380702155935
Qatar,2001,75.486,25870.799186431443,677925.0,94.3836669921875,6.17027,598.73602295,,3.898186662339071
Jamaica,2016,72.052,5009.794487242953,2809915.0,93.1394980981879,44.3669,285.60949707,,1.3752230644553831
Lesotho,2007,43.66,861.1884208995633,1953268.0,124.028053283691,3.44543,65.80387878,,4.187914099571515
Central African Republic,2017,45.231,432.3240256842626,4793511.0,,4.0,28.81619644,,4.52727821346231
"Macao SAR, China",2018,83.67804878048783,83761.8171798142,658900.0,101.238255033557,83.7941,,,6.405279157046451
Hungary,2014,75.76341463414634,14352.501883173978,9833038.0,101.314437866211,75.6532,1006.15649414,,4.334353641139671
Africa Western and Central,2007,53.48243140534494,1407.6420578699422,334984176.0,84.3852386474609,4.3,52.62529131946517,50.3038215637207,5.5023286899064345
Chile,1997,75.826,5741.958429895956,14932434.0,,1.06,,,7.391739268433099
Sub-Saharan Africa (IDA & IBRD countries),2013,58.717960431097715,1860.1551208634392,971232906.0,96.5599136352539,11.1,92.66808773984047,63.1196517944336,5.098033852225498
Portugal,1993,74.51219512195122,9534.656363730795,9964675.0,,0.4499999999999999,,,-2.043276634498909
Madagascar,1997,56.127,284.3718439672442,14990814.0,,0.0143,,,3.6934926169178937
Singapore,2011,81.7439024390244,53891.45702643717,5183688.0,,71.0,1700.1685791,96.1900024414062,6.214934168589892
Bangladesh,2007,66.458,537.9554927929107,147989278.0,93.662353515625,1.8,14.03898716,,7.058599354498483
Cameroon,2002,53.922,789.6238110725543,15725528.0,104.316276550293,0.360872,31.79577446,,4.4770268336915535
Kazakhstan,2004,65.04,2722.474077554025,15850159.0,101.440238952637,2.65039,108.43821716,,9.600000001368542
United Arab Emirates,1997,72.559,27982.795704056392,2817410.0,,3.3000000000000003,,,8.190398649168799
Sudan,2013,63.443,1138.62780761719,37785849.0,66.95703125,,97.4927597,,1.9551446330242184
Panama,2017,77.901,15694.629745429473,4098707.0,94.7657015347774,59.9506,1126.96154785,,5.744059463557804
IBRD only,2015,73.03301914207316,5572.514111285806,4676922961.0,105.501106262207,39.1,296.76122033320536,88.6911697387695,4.385941657116902
Latin America & the Caribbean (IDA & IBRD countries),1992,67.90127592191068,2789.463471816212,442150885.0,,,,84.9483489990234,2.8162702397330577
Moldova,2010,69.876,2436.7993510242086,2862354.0,93.5407792138963,29.68,198.28894043,,7.100000107058364
Jordan,2017,76.071,4065.6162874938423,10234226.0,98.5589481924953,64.5,289.04656982,,2.473598154490446
Cyprus,2019,81.454,29703.052734375,1286671.0,100.477699279785,86.0636,2093.0612793,,5.875595833866072
North Macedonia,1992,71.14846341463416,1198.928298462569,2032523.0,,,,,-6.565198676858543
Algeria,1998,69.327,1603.366232008358,30054133.0,103.693977355957,0.0202,,,5.10000361107312
"Iran, Islamic Rep.",1991,66.233,2194.439068028407,59986931.0,104.325881958008,,,65.5299987792969,12.716148443070267
East Asia & Pacific,2007,73.89485135043324,5716.348972396796,2167046538.0,105.071189880371,20.8,323.5078836255778,93.5117034912109,7.485763495701647
Georgia,2014,73.105,4830.334861702489,3719414.0,109.976680992118,49.1025,367.32040405,99.5899963378906,4.090490595817428
Africa Eastern and Southern,2019,63.85726128370424,1493.8179382999217,675950189.0,103.610618591309,22.4,87.29824613913138,72.8010787963867,2.2003404329238805
French Polynesia,2002,79.544,16004.058329211186,247775.0,,8.20022,,,0.8461814828085892
France,2000,79.05609756097562,22340.593951621708,60918661.0,100.428260803223,14.3079,2161.85302734,,4.140999964029149
Bermuda,1994,75.276,31543.063486164137,59194.0,,,,,0.5996133666988044
Gabon,2002,62.175,3966.4800186466255,1345135.0,135.686462402344,1.93953,131.85105896,,-0.2490331685434341
Georgia,1999,70.012,673.5377828872752,4157192.0,99.6366806030273,0.416,,,2.8672956745496805
Faroe Islands,2000,78.3829268292683,23322.75933575153,45754.0,,32.9164,,,
Europe & Central Asia (excluding high income),2005,69.95951476469735,3567.7847379434957,223360135.0,102.54532623291,8.9,193.19116096160693,95.839111328125,8.467657729660914
Italy,2014,83.09024390243904,36028.34940223488,60320707.0,100.752258300781,55.6385,3154.27587891,,-0.0013876173045446
Argentina,1995,72.864,7357.616277378798,35070020.0,,0.0863,,,-2.845209610570791
Senegal,1995,57.336,714.994396357297,8848101.0,54.1760482788086,0.0006929999999999,,,5.46858485819628
Iraq,2020,69.651,4295.189451212281,42116605.0,,53.6778,248.04725647,,-12.03679309311518
Sudan,2014,63.99,1275.43835449219,38823318.0,67.05712890625,,88.78570557,,4.661379542298732
Hungary,2007,73.15121951219513,13934.605460374964,10055780.0,101.520332336426,53.3,1003.25805664,,0.3323543378789253
Faroe Islands,1999,78.18048780487806,24978.6210817538,45146.0,,22.3,,,
Uzbekistan,1991,65.529,658.3135505280682,20962910.0,,,,,-0.4920000051630779
Nepal,2002,63.507,238.89140296106,25328981.0,110.702140808105,0.312956,10.46419716,,0.1201431773694139
"Iran, Islamic Rep.",1990,64.066,2137.9422273987793,58380092.0,102.681770324707,0.0,,,13.59492644358386
Caribbean small states,1990,67.04515051400169,3713.804539331261,3654949.0,102.465278625488,,,,-0.2722307765164515
United States,2013,78.74146341463415,53297.38629015953,316726282.0,99.455436706543,71.4,8411.42871094,,2.117830097864683
East Asia & Pacific (excluding high income),1992,68.00061078899199,493.0608836941902,1648872786.0,112.188751220703,,,81.8215103149414,11.251144904855394
Sao Tome and Principe,2009,63.669,1128.2804621330542,177853.0,122.308692932129,16.41,64.90551758,,3.302399666450611
Monaco,2013,85.056,184940.66380471824,35447.0,,90.7,8455.65527344,,9.577098323548157
"Hong Kong SAR, China",2001,81.41926829268293,25230.378091030372,6714300.0,100.90641784668,38.6714,,,0.5608816719381338
Cabo Verde,1995,63.691,1165.1383233193385,418104.0,,,,,14.21163624696338
Costa Rica,1993,76.315,2840.387064793974,3367434.0,,0.0815,,,7.097191239996874
Eritrea,2003,59.455,348.95032707774243,2493903.0,107.540420532227,,19.81480217,,-2.6555159248755444
West Bank and Gaza,2018,75.38,3562.3309427025574,4569087.0,96.5580534271123,64.4,324.02166748,97.2200012207031,1.2270773778270296
Turks and Caicos Islands,1994,71.575,,14344.0,116.356376647949,,,,
Azerbaijan,2018,73.016,4739.794312340805,9939771.0,99.7221014157127,79.8,180.03610229,,1.5004017069940971
"Middle East, North Africa, Afghanistan & Pakistan",1997,65.02205546197834,1954.532673533855,460864078.0,81.303466796875,,,58.0310401916504,4.135052671445649
Cabo Verde,2018,74.84,4294.965100357294,513415.0,105.84560911247,59.5,204.45397949,,3.706964583108416
Barbados,1991,73.543,7790.262294391589,259373.0,,,,,-3.899906912623905
Uzbekistan,2001,65.853,454.4158122567783,25090283.0,98.1144790649414,0.597568,30.46290398,,4.163838249988899
Qatar,1992,73.876,16280.293881527334,469657.0,,,,,11.3305277115916
"Micronesia, Fed. Sts.",2009,64.865,2596.261474475949,107957.0,,15.35,492.5491333,,1.0930992410524567
Sao Tome and Principe,1996,60.576,987.0487123952636,136962.0,134.562683105469,,,,1.5000010757065638
Czechia,1995,73.0748780487805,5865.294605567264,10327253.0,,1.4500000000000002,,,6.221405988638324
"Venezuela, RB",2006,72.972,6739.380653422186,27224686.0,102.063499450684,15.2247,,94.6620701964151,9.87214910851037
Fragile and conflict affected situations,2017,61.22968268701245,1706.4432685408462,931222867.0,92.0168609619141,22.5,69.77243122064442,67.6090316772461,2.568696398781384
Croatia,2001,74.51292682926831,5364.838246916065,4299642.0,101.51358795166,11.5586,388.32489014,98.1500015258789,3.111234878937182
Monaco,2003,83.613,111110.45131224942,32374.0,,49.4912,4822.00146484,,1.0875365474680052
Austria,1997,77.31951219512196,26571.752362650797,7968041.0,,9.53,,,2.145835055264598
Cote d'Ivoire,2011,55.972,1596.6282656599792,22982000.0,73.5641637291114,2.9,67.97618103,,-5.370447240005788
Burkina Faso,2013,57.903,759.7620651684981,17695409.0,83.2890892862992,5.0,42.26796341,,5.792584845098673
Sweden,2007,80.90000000000002,53568.56455232127,9148092.0,100.05542755127,82.01,4310.32666016,,3.2249113242818623
New Zealand,2016,81.65853658536587,40113.71953824275,4714100.0,98.5837478637695,86.5,3702.37109375,,3.779110683543337
Greece,2016,81.3878048780488,17919.24263770477,10775971.0,99.3706512451172,69.0879,1513.25915527,,-0.0317947678412053
Latvia,1997,69.34926829268294,2609.8930869719456,2432851.0,,2.0500000000000003,,,9.171476340720844
Small states,2003,67.51377969573764,6055.638542909621,16441139.0,102.139099121094,,358.64404215906825,82.9844207763672,4.738418475927858
Greenland,2018,71.96756097560976,54545.13585776503,56023.0,,,,,0.62306542854094
Cayman Islands,1994,73.42,,31352.0,,0.0,,,
Belgium,2019,81.99512195121952,46716.622746796435,11488980.0,102.148559570312,90.2754,5033.16601563,,2.4428900448155986
Late-demographic dividend,1992,68.77012987696496,1069.1517374203816,1890820460.0,113.067230224609,,,83.8780975341797,0.8259715275078321
"Hong Kong SAR, China",2011,83.4119512195122,35142.48793445426,7071600.0,104.602752580544,72.2,,,4.814681001206594
Curacao,1991,72.536,,144403.0,,,,,
Malta,1992,76.56512195121952,8220.334039246656,367618.0,,,,,4.690932172306233
Nauru,2005,59.361,3013.5177815185516,10049.0,121.36637878418,,328.92779541,,-0.3556488744714983
Dominica,2007,71.901,6459.035036896091,68847.0,103.040061950684,40.2745,293.30905151,,5.357937557587803
Early-demographic dividend,2012,68.60946302841214,3360.4546107202855,3058869436.0,105.739212036133,,160.37316146108137,76.0347595214844,4.208404755750266
"Iran, Islamic Rep.",2020,74.141,2988.781224147159,87723443.0,104.680130004883,75.5699,201.4589386,87.9027874156509,3.330288459265944
France,1992,77.10000000000001,23615.01685654829,58846584.0,,0.2789999999999999,,,1.5160611169627032
Tajikistan,2008,67.924,703.3273758986428,7338403.0,99.660530090332,8.78,41.35135651,,7.899998271549393
IDA only,2010,62.04434512884074,875.3656513212112,931508127.0,97.8945236206055,4.2,38.20322245752458,59.873779296875,6.442586063054634
Greece,1990,76.93902439024392,9466.662385021744,10196792.0,,0.0,,,0.0
Moldova,1999,67.205,399.4998185963363,2930622.0,,0.601,,,-3.368254476572176
Senegal,1993,57.348,877.5290034380299,8396288.0,51.8782196044922,,,,1.3602130065134617
Tonga,1992,67.927,1370.361425986988,100022.0,,,,,0.2519733958388173
Bulgaria,2015,74.61463414634147,7268.654454738727,6984225.0,99.1272201538086,56.6563,521.41906738,,3.3975532586942165
New Zealand,1991,76.03170731707318,12230.073454883395,3495100.0,,,,,-1.090793225335034
Seychelles,1999,72.66829268292685,8243.236100990844,80410.0,107.292572021484,6.23,,,1.8720051089387937
Germany,1999,77.72682926829269,26965.492277372156,82100243.0,,20.8,,,2.1301166938953315
San Marino,1991,77.944,,23797.0,,,,,
Finland,2014,81.18048780487807,50073.776081587115,5461512.0,99.6617202758789,86.5304,4922.4296875,,-0.4780684247837001
"Macao SAR, China",2003,81.0439024390244,18589.899833053376,443600.0,105.168479919434,25.7421,,,11.6405066186351
Kazakhstan,1997,63.318,1381.6359329518705,16043251.0,94.6466827392578,0.0646,,,1.6999999994951338
El Salvador,1992,62.944,1040.7816408201863,5585609.0,93.6843719482422,,,74.1399993896484,7.021963315752174
IDA total,1997,55.02959236741614,552.6085871244803,1052340078.0,76.3395080566406,,,54.2119293212891,3.756970631051004
Japan,2003,81.76,35387.03742035993,127718000.0,,48.4353,2650.23852539,,1.5351254994669432
Equatorial Guinea,2015,60.635,9068.910032386446,1453923.0,47.5486488342285,21.32,212.26531982,,-9.11004114881537
Greenland,1993,65.58536585365853,16797.35782188279,55200.0,,,,,-5.027932629425152
East Asia & Pacific (excluding high income),2011,73.9857453156401,4913.896214272273,1989106668.0,105.213920593262,32.3,200.30109431226347,94.6347427368164,8.584803144038531
Belarus,1991,70.37804878048782,1805.4559253152693,10194050.0,94.5129318237305,,,,-1.1999957050646657
Thailand,1996,69.94,3054.656908064732,59920064.0,,0.1149999999999999,,,5.651944464994713
Liechtenstein,2019,84.16097560975611,166907.83930501563,38563.0,103.830009460449,93.1461,,,
Senegal,2011,64.799,1374.6759187384446,12958897.0,86.5724487304688,9.8,57.93114853,51.810001373291,1.334091079612577
South Sudan,2017,35.351,,10259154.0,,4.1,28.05690956,,
Austria,1992,75.81707317073172,24782.71187670633,7840709.0,,0.643,,,2.093524426260202
Puerto Rico (US),2010,78.717,26414.88106345475,3724465.0,99.1731872558594,45.3,,91.9700012207031,-0.4132541191723646
Lebanon,2011,77.768,7834.96257108993,5096020.0,84.8372167281463,52.0,640.69805908,,0.8673398785527695
Hungary,1996,70.32878048780489,4542.012038097802,10311238.0,,0.969,,,0.1012342276332418
Suriname,1996,63.079,1962.8849582029493,438830.0,,0.2259999999999999,,,1.0000012228145607
Dominican Republic,1999,70.178,2620.889681727205,8446208.0,,1.1,,,5.956510249995432
Guam,1994,74.344,,147868.0,,0.348,,,
"Micronesia, Fed. Sts.",1992,63.996,1699.330191019598,104806.0,,,,,4.008016032064134
Greece,2006,79.43902439024392,24416.023297027456,11020362.0,99.1430435180664,32.25,2052.87548828,,6.443397624874365
Georgia,1994,68.669,519.8155788149649,4836076.0,81.7759475708008,,,,-10.39823008849558
France,1990,76.60000000000001,21586.467461748296,58261012.0,,0.0528,,,2.8296271532647808
Gibraltar,2007,81.269,,30006.0,,51.61,,,
Tanzania,1991,51.837,276.452453613281,26780436.0,67.6530685424805,,,,2.071988213619136
Montenegro,1991,73.76673170731708,,607105.0,,,,93.4599990844727,
South Sudan,2013,58.285,1650.1894335352792,11166275.0,,2.2,,,13.129731140694332
"Korea, Dem. People's Rep.",2015,72.825,,25575350.0,,,,,
Liechtenstein,1998,77.74634146341464,78302.99059058478,31668.0,,,,,7.761262836946912
Philippines,2005,68.423,1220.4601855986728,88015962.0,101.720321655273,5.39764,45.67607498,,4.942505118776779
Zambia,2020,63.361,951.6443166559574,19059395.0,,24.5,60.01779938,81.7591544152556,-2.7850550654516724
Croatia,2008,75.91219512195123,15889.434707475948,4309705.0,97.9028015136719,44.24,1258.87243652,,1.9685900928191131
Uganda,2016,64.494,752.6965717256556,38799152.0,106.540283203125,5.9,39.08125305,69.0999984741211,4.781000292544817
Benin,2016,59.283,1010.533896199298,11697842.0,120.301116943359,14.5,28.24943924,,3.339673426296926
Canada,1991,77.59341463414636,21846.7930471354,28037420.0,,0.5700000000000001,,,-2.0910550979319
Indonesia,1994,65.041,899.7939829498166,196591828.0,112.164291381836,0.00106,,,7.539971095514389
Liechtenstein,2017,83.74634146341465,170547.092298954,37962.0,104.699737548828,99.5466,,,
Panama,2015,77.583,14082.654850272787,3960035.0,96.205074799494,51.2054,982.06530762,,5.266917195955159
Finland,1992,75.45536585365855,22320.112469585685,5041992.0,,1.89,,,-3.3113736170659536
South Asia (IDA & IBRD),2001,63.26211063907427,446.4189193488711,1260149056.0,96.9547424316406,,18.66102169874115,60.3129806518555,4.573241989420794
Colombia,1998,70.924,2605.999380590233,37792165.0,,1.13,,,0.5697840884345169
Algeria,1999,70.088,1596.118222390247,30474354.0,106.491363525391,0.2,,,3.200001553195463
Argentina,2019,76.847,9955.974786804276,44973465.0,109.338218688965,79.947,1011.08013916,,-2.000861002857846
Bhutan,1993,57.906,407.3998424965701,554673.0,54.5066108703613,,,,1.9863665601488096
Liberia,2004,55.949,284.1402239924584,3156892.0,,0.0310112,18.00925446,,2.6198468947741276
San Marino,2008,82.894,75902.13205217646,31662.0,94.248046875,54.52,4378.24853516,,-0.5009392611145813
Cyprus,2005,79.198,24959.26171875,1036151.0,99.8711776733398,32.81,1366.01708984,,4.852987621755858
Kyrgyz Republic,2001,68.70731707317073,308.41129550148037,4945073.0,93.9270782470703,3.00294,12.87845421,,5.321621411904658
West Bank and Gaza,2005,72.004,1543.7014139277364,3320396.0,92.9911575317383,16.005,158.43028259,,11.290651182927135
Brunei Darussalam,2009,74.814,30946.46742729531,384952.0,112.532432556152,49.0,739.28015137,,-1.9002538618213125
Early-demographic dividend,2010,67.82444346697287,2936.943764725645,2967104472.0,105.187271118164,,137.29044852230706,75.349983215332,6.503628779420168
Brunei Darussalam,2008,74.814,42156.56852169785,377793.0,116.783126831055,46.0,792.01367188,,-3.900710820856588
Andorra,2001,82.162,23511.295147573674,65852.0,,,1376.14428711,,8.119357721699487
"Micronesia, Fed. Sts.",2010,64.892,2761.2432583224845,107540.0,,20.0,581.45568848,,2.2593899558593193
Finland,2019,81.9829268292683,48358.180777370086,5521606.0,99.5557479858398,89.6074,4459.9296875,,1.3497384574173736
Bangladesh,2016,71.075,1649.2838085860055,160811932.0,,18.1,39.30647659,72.7600021362305,7.113478212700926
Luxembourg,1995,76.51219512195124,51032.34963531796,408625.0,,1.59,,,1.432200197761475
Samoa,2011,71.393,3821.506782644792,194713.0,104.303479903574,11.0,211.88684082,98.9700012207031,3.849077946603955
Greenland,1992,65.1960975609756,18768.82753254548,55300.0,,,,,-5.111700032319703
Brunei Darussalam,1990,71.629,23658.716633038115,255292.0,,0.0,,,2.6430735661720206
Barbados,1997,73.988,9521.571273771226,262392.0,,0.783,,,4.740103327660663
Mexico,1991,69.368,3708.842054815697,84430572.0,,0.00588,,,3.97590497138043
Sweden,2004,80.49756097560977,42758.20155034174,8993531.0,100.143241882324,83.89,3488.17285156,,4.179530407624625
"Yemen, Rep.",2017,67.12,811.165970405745,33090921.0,,26.7184,51.94430542,,-5.071795642614902
"Yemen, Rep.",2016,67.105,975.3594170032254,32109010.0,76.9753799438477,24.5792,47.25681305,,-9.37512382380578
"Korea, Rep.",2018,82.62682926829268,33447.15628361658,51585058.0,98.6656723022461,96.0229,2493.33569336,,2.9074037737713496
Pakistan,2012,64.883,1204.364754915847,207667125.0,69.90386379122,8.1,25.59742928,56.7599983215332,3.0275839108862925
Puerto Rico (US),2000,75.514,16192.12697196377,3810605.0,,10.4746,,,3.2719645191047846
Turkmenistan,2013,68.968,6599.645290554815,5939341.0,,9.6,339.92349243,,10.200000101398984
Early-demographic dividend,2017,70.27299493935539,3505.1062150156145,3274060446.0,105.848731994629,,165.94317302604165,79.3345489501953,4.648945067955722
Canada,2015,81.82585365853659,43594.194104539434,35704498.0,99.8602600097656,90.0,4660.79833984,,0.6499710017348548
East Asia & Pacific (excluding high income),2008,72.92413762209334,3117.833897514871,1944305887.0,105.605628967285,19.2,116.59718095551678,94.0830993652344,8.648825847974862
Suriname,1993,62.382,1022.4458351989568,419352.0,127.022987365723,,,,-6.699998149715199
Upper middle income,2001,71.09627687017941,1830.9762019130053,2387807616.0,112.205947875977,,96.75976131699429,90.1190185546875,3.448159773994419
Barbados,1998,74.465,10734.36372428835,262436.0,,1.97,,,3.728464306044984
Germany,2008,79.73658536585367,46386.329592479946,82110097.0,105.103981018066,78.0,4669.76025391,,0.910403214153277
South Sudan,1990,28.628,,4737633.0,,,,,
Japan,2008,82.58756097560978,39876.30396857249,128063000.0,,75.4,3223.29101563,,-1.2242890006171336
Mauritania,1997,59.417,859.2839581757596,2411306.0,78.5126190185547,0.00417,,,-4.044696546782248
Burundi,2013,59.179,234.8430453888283,10439341.0,126.110240344608,1.26422,20.26322556,,4.924189898346839
Singapore,2020,83.5439024390244,61410.079263078835,5685807.0,100.53590938338,92.0043,3492.35986328,97.129997253418,-3.814708855107128
Syrian Arab Republic,2010,73.542,2730.614771189487,22482421.0,116.733467102051,20.7,88.11807251,,5.191905840753307
Malta,1993,76.71960975609755,7296.351111274892,371308.0,,,,,4.480749126826808
Guinea,2008,55.703,703.5328257843689,9898870.0,82.7527465820312,0.92,22.97397041,,4.133016159658325
Greenland,1991,65.03170731707317,18315.31656319062,55500.0,,,,,-0.1134645942368024
St. Vincent and the Grenadines,2018,71.017,8428.126771530695,104926.0,115.155746459961,56.0,358.53372192,,3.175611442399102
Hungary,2019,76.31951219512194,17012.859855319868,9694824.0,96.6208801269531,80.3717,1054.28076172,,5.0771849508893325
Croatia,2011,76.77560975609757,14694.99932014166,4280622.0,98.0935974121094,57.79,1132.49890137,,-0.0977514527446601
Sub-Saharan Africa (IDA & IBRD countries),1993,50.18223755321849,652.6100347858462,565570780.0,73.3198699951172,,,53.7172012329102,-0.9187024305146564
Africa Western and Central,2000,50.29798308157511,516.932316255791,274968446.0,80.5795135498047,,18.19985058486758,47.6228103637695,3.8424786286510657
Guam,2005,76.427,25631.97761080522,164365.0,,38.5599,,,3.642316349498671
Mauritania,2016,66.823,1565.7657572269577,4086657.0,88.6641926490124,19.2328,49.90084076,,1.2609092306722545
Small states,2008,68.92081923399647,10960.81124452589,17228345.0,104.842376708984,25.6,631.4379252774136,83.4283294677734,1.2490596332721964
Kosovo,1990,66.508,,1973790.0,,,,,
Mauritania,1999,60.443,781.3370335631973,2541698.0,82.4499130249023,0.118,,,3.673178313408016
"Egypt, Arab Rep.",1996,65.733,1008.9763762944742,67028048.0,92.5689926147461,0.0615,,55.5900001525879,4.988730565122083
World,2015,71.96475451024658,10175.409419507772,7441826877.0,100.999900817871,39.8,973.1539973141774,85.9566497802734,3.134515325341482
Pre-demographic dividend,2005,54.36598438004772,808.6044759110472,651320620.0,91.3320770263672,,33.734018394635385,57.6766586303711,6.020936455795308
"Hong Kong SAR, China",2020,85.49634146341464,46109.22999466091,7481000.0,105.128762541806,92.4131,,,-6.544783201668537
Liberia,1999,50.412,156.57316694569627,2821684.0,90.1342620849609,0.0113,,,21.741446804261088
Mongolia,2010,68.50560975609758,2625.21881402433,2738622.0,121.840103149414,10.2,99.50933838,98.2600021362305,6.365161678631097
Upper middle income,1998,70.18759002961963,1770.405771066503,2316706589.0,107.930656433105,,,89.0153884887695,2.9976124837794345
Bosnia and Herzegovina,2006,76.028,3166.128653448332,4063272.0,,25.1224,281.26403809,,5.4140035707943355
IDA only,2009,61.53492974506129,784.8784197800887,910994308.0,97.2744522094727,3.4,35.99583298975623,57.4935417175293,4.248018767865119
Portugal,1997,75.41219512195123,11575.507112435833,10108977.0,,4.95,,,4.400867637408908
Eritrea,2005,60.628,412.7530791994235,2661215.0,103.574653625488,,21.92651939,,2.5744495512484633
South Asia,2009,66.84109704633997,1054.435558857448,1425370200.0,110.484977722168,4.9,36.60660434945915,65.0412902832031,7.389811840677879
IDA blend,1999,55.22496589502025,530.0139256345378,384018319.0,79.5436019897461,,,59.6169281005859,2.029780684499599
Israel,1991,76.75853658536587,14346.08102786459,4949000.0,,0.215,,,7.726115109901059
Uzbekistan,2007,68.483,824.0281923347682,27076008.0,96.3551483154297,7.4906,46.89629364,,9.473005305445398
Philippines,1997,66.994,1273.2760487563603,73908810.0,103.284637451172,0.1369999999999999,,,5.186411674061645
Tajikistan,1999,63.114,175.0237647356246,6208370.0,93.6235427856445,0.0328,,,3.699550716658507
Hungary,1995,69.79170731707318,4509.417409100772,10328965.0,,0.677,,,1.4895254759304637
Liberia,2014,59.21,706.7144900645072,4564293.0,92.5530201850852,5.41,59.32390976,,0.7013931002875182
Kiribati,1994,62.797,837.9717062040004,80021.0,117.277488708496,,,,2.0452565621174443
"Gambia, The",2014,62.576,568.0045355886399,2164528.0,80.6712752410406,15.56,17.33743477,,-1.4073824951095446
Isle of Man,1995,73.371,12896.52528297161,71513.0,,,,,4.2999982060102155
Netherlands,2013,81.3048780487805,52602.28605207657,16804432.0,,93.9564,5532.72607422,,-0.0302325600539603
"Korea, Dem. People's Rep.",1992,71.009,,21750911.0,,,,,
Uzbekistan,2000,65.456,555.149231099186,24787054.0,99.1522369384766,0.484347,35.72119904,98.6399993896484,3.835000000140326
Azerbaijan,2000,65.377,655.0972495799167,8048600.0,97.2074890136719,0.147758,18.64016533,,11.0999991434346
Sub-Saharan Africa (IDA & IBRD countries),2019,61.12932184248726,1617.6688806924149,1139315618.0,97.0975570678711,25.0,75.81748346346062,67.7253723144531,2.6966970225990963
Latvia,2003,71.2658536585366,4914.57992829302,2287955.0,105.016151428223,26.98,280.50878906,,8.42913257059108
IDA only,1997,55.22891683130156,341.73557095142394,687850227.0,76.2800064086914,,,51.8239097595215,5.209968353960392
"Iran, Islamic Rep.",1999,69.686,1739.594620019712,65445391.0,97.4371566772461,0.379,,,2.0026962330806697
Liberia,2009,59.106,448.3863670255448,3943028.0,95.9832763671875,2.0,51.79761505,,5.300540502915311
Viet Nam,2009,73.525,1226.1697605153618,86460018.0,100.057693481445,26.55,69.82720184,93.5199966430664,5.3978975401418126
Virgin Islands (U.S.),2011,78.31707317073172,38997.13731646505,108290.0,,35.6,,,-8.204245553643148
North America,2010,78.81695470456144,48545.794359472864,343447854.0,101.326446533203,72.5,7561.413611524416,,2.7239591669271306
Low income,2009,59.1916649819035,753.8561977814082,417577386.0,95.3902282714844,3.7,39.02627021409942,54.771598815918,3.445596644649669
Mauritania,2007,64.885,1405.1501620336849,3093059.0,94.5087280273438,1.43361,40.41820145,,-1.9694227498840888
East Asia & Pacific (excluding high income),1993,68.42322382603095,533.8860617313105,1671604370.0,110.885391235352,,,82.308952331543,11.314525545998675
St. Kitts and Nevis,2002,70.194,10453.658706431252,46020.0,106.870231628418,21.1524,465.07720947,,1.3677150725363276
Azerbaijan,2005,67.71,1578.3673303066716,8391850.0,95.526969909668,8.03038,34.35204697,,27.961538068524348
Slovak Republic,1999,72.90243902439025,5651.623275142357,5396020.0,,5.4399999999999995,,,-0.4732612096211142
"Korea, Dem. People's Rep.",1999,60.91,,23497599.0,,0.0,,,
French Polynesia,2016,82.555,19690.077573458868,279178.0,,68.4404,,,2.3021982367043847
Cameroon,2007,55.71,1325.672482159333,18049896.0,107.514030456543,2.93,50.30911255,70.6800003051758,4.327589009728712
El Salvador,1998,66.655,1859.730858877418,5880781.0,105.382110595703,0.425,,,2.652277300164613
Jamaica,1995,71.488,2630.8493538282164,2500151.0,,0.109,,,2.349957041478291
Kazakhstan,2002,64.441,1573.5521993232485,15656677.0,100.211357116699,1.67477,56.88095856,,9.799999999608415
Lao PDR,2013,65.723,1812.5177442465056,6611385.0,118.408152699995,12.5,43.49770355,,8.026300226990173
New Caledonia,2005,74.867,25528.291835344433,244381.0,,32.359,,,
World,1990,65.10798311330309,4322.945332520136,5299246757.0,96.423828125,,,74.6307220458984,2.723395356503616
Namibia,2008,54.74,4204.785554227491,2047056.0,116.289268493652,5.329,411.6569519,,2.6498120378026755
Jordan,1997,71.324,1435.8759384686257,5046285.0,,0.599,,,3.308475383047366
Botswana,2012,60.384,6595.538450154237,2108617.0,107.411979939614,16.0,418.82244873,,-0.1708571165937087
Liechtenstein,1992,78.46365853658538,55057.11106256542,29627.0,,,,,3.608293843871565
"Middle East, North Africa, Afghanistan & Pakistan (IDA & IBRD)",1995,63.86974217577939,975.8461380594914,409972623.0,,,,,2.933865384006197
East Asia & Pacific (excluding high income),2004,71.85880092291933,1439.934645353079,1883675167.0,107.267608642578,,56.63970558703879,91.8963394165039,9.14913940463626
Myanmar,2009,63.095,758.4429357892551,48660459.0,108.319793701172,0.22,18.70313454,,10.550009096193165
Ukraine,2002,67.699,903.011901855469,48677281.0,127.055168151855,1.87389,52.11910248,,5.339647207190751
IDA only,1995,54.49060216417899,326.3722309106224,653949075.0,73.8584518432617,,,50.5967903137207,5.004443076037759
Peru,2016,75.951,6217.03599995447,30866494.0,104.087951660156,45.4617,311.33517456,94.1699981689453,3.953318715207672
Caribbean small states,2000,68.39767583246572,6477.4574036148015,3956229.0,98.6091384887695,,290.57000671748494,88.6244125366211,4.695998550304694
Central Europe and the Baltics,2015,76.57551197725037,12596.94750647915,102973167.0,96.9002227783203,,815.6681331343558,99.3286514282227,4.001782991007346
Finland,2020,81.93170731707318,48828.68468627994,5529543.0,99.8175811767578,92.1703,4736.21435547,,-2.491036055357071
Sao Tome and Principe,2002,61.826,568.1025725227101,149922.0,120.207168579102,7.58067,50.61143494,,3.3601881682219954
Madagascar,2019,63.504,499.8188376225341,28219554.0,124.946579330031,9.37944,15.50084877,,4.411232129095893
Chad,1992,46.777,290.6482861325662,6474656.0,54.2162704467773,,,,8.001443346319363
Lower middle income,2001,62.12669775690657,553.5186928449327,2169474338.0,93.0704727172852,,23.455074600004338,63.6107711791992,4.337122594290108
Mexico,2019,74.53,10369.555358527135,125762982.0,105.095039367676,69.6321,549.72601318,95.3889403219417,-0.3926905050992957
Middle income,2008,68.97444472155036,3026.2822197310234,4996382425.0,104.07202911377,,146.5233788682314,82.3001327514648,5.956625759163913
Peru,2014,75.26,6667.134103608605,30115826.0,102.949859619141,40.2447,332.18841553,93.7099990844727,2.3821573718054054
Africa Western and Central,1999,49.82376332925814,521.3647343497862,267506298.0,77.4401473999023,,,51.1494598388672,1.5281894579309636
Latin America & Caribbean (excluding high income),2003,71.54776239141441,3686.288601276791,481977727.0,115.165840148926,,241.32438046673437,89.6552505493164,2.3869921668340908
"Middle East, North Africa, Afghanistan & Pakistan",1993,64.00856482946759,1598.2527833102029,417150344.0,79.4384918212891,,,54.431568145752,2.461148650766148
Fiji,2016,66.657,5363.790266792433,919166.0,100.256688986124,49.42,175.91635132,,2.445651796641741
Seychelles,2018,72.84146341463415,18440.234046093155,96762.0,123.720432981425,69.2,708.699646,,4.939472722543115
Germany,1998,77.47560975609757,27395.94406080508,82047195.0,,9.88,,,2.096161401243805
Kuwait,2015,79.37656097560976,29882.212686706844,3834574.0,101.798934825921,82.0,1259.55786133,95.6900024414062,0.5927707333412542
Bahrain,2005,76.125,17966.165783762463,888822.0,95.1477508544922,21.3037,557.9574585,,6.768997377895019
Central Europe and the Baltics,2004,73.73043493273813,7180.270370296582,106331716.0,102.430068969727,,446.9859060311511,,5.874051846741594
Azerbaijan,1994,60.277,157.0635499470717,7596550.0,,0.00143,,,-19.700001239923836
Ethiopia,2019,65.741,828.7090805229211,115737383.0,,16.0,25.93511963,55.0499992370605,8.364085733140541
Small states,1994,65.63446760012164,3660.454636539312,14970002.0,99.5565872192383,,,78.9932403564453,3.128706974606146
St. Vincent and the Grenadines,1993,70.621,2539.649686498491,112735.0,,,,,4.2507307739710285
"Egypt, Arab Rep.",2001,67.612,1295.137418416295,74652029.0,88.5933837890625,0.838946,68.67334747,,3.5352519739150665
Tanzania,2011,61.618,775.392761230469,46029367.0,95.0884666333147,3.2,37.75179672,,7.672155434860642
Seychelles,2009,73.0829268292683,9747.09180546291,87298.0,103.479721069336,,401.24008179,,-2.4793759472613743
Tajikistan,2012,69.13,952.4528196954687,8014084.0,92.8905410766602,14.51,56.97117615,,7.4999994632152465
Kiribati,2012,65.908,1843.5533634988892,112284.0,,10.7468,146.6194458,,5.803659746452581
Mongolia,1993,60.82421951219513,354.89861308770054,2165130.0,79.4392395019531,,,,-3.168791550278243
Austria,2003,78.63170731707318,32110.115966142475,8121423.0,102.384437561035,42.7,3091.24023438,,1.141565045427754
Tonga,1994,68.371,1956.6618035482095,100166.0,,,,,4.952521243595044
Sub-Saharan Africa,2006,54.59012583022386,1225.831899830519,801269368.0,92.0808029174805,2.6,63.77071490418793,58.0305786132812,6.042760848823008
Sub-Saharan Africa (IDA & IBRD countries),2014,58.98557239230943,1886.523988121393,997961037.0,96.1997222900391,13.3,90.34299783033586,63.6659812927246,4.795953335400441
Turkmenistan,2017,69.19,5828.481662348902,6507061.0,,21.251,410.81082153,,6.500000046829754
Indonesia,1992,64.182,673.6710395474199,190043744.0,110.819923400879,,,,6.497506516827144
Barbados,2020,76.647,18347.110913105524,281698.0,94.5134829805,76.002,1234.30041504,,-15.05436294958919
Serbia,2018,75.89024390243902,7559.861657473944,6982604.0,100.301933288574,73.3607,617.08679199,,4.649350354910069
Cuba,1998,75.412,2332.3065613311883,11034712.0,103.534149169922,0.2269999999999999,,,0.1591460523267187
Timor-Leste,1993,47.008,264.0669947908361,821437.0,,,,,10.204765520040908
Germany,2005,78.93170731707318,35084.43635462689,82469422.0,103.440620422363,68.71,3558.21337891,,0.8856972567054413
Trinidad and Tobago,1996,68.039,4427.278324482888,1300928.0,95.7312088012695,0.393,,,7.134477464808711
San Marino,2014,84.394,51260.493834712455,32655.0,,,4120.02685547,,-0.7023705004389882
Afghanistan,2008,59.708,381.7332380284397,26482622.0,104.445137023926,1.84,39.88624954,,3.924983819994665
Estonia,2014,77.03414634146343,20581.789899169544,1314545.0,97.5922622680664,84.2415,1287.76123047,,3.3227898818270205
Northern Mariana Islands,1996,72.442,,51706.0,,,,,
Jamaica,1994,71.624,2202.858310384713,2475220.0,,0.0368,,,1.3833898027364882
Honduras,2004,69.05,1215.1399541276094,7298994.0,106.424087524414,5.6,83.29620361,,6.232302960691015
Ecuador,2004,73.868,2586.2091466334664,13608701.0,107.823509216309,4.83444,149.75236511,,6.832397366465145
Germany,1996,76.67317073170733,30599.78910483628,81914831.0,,3.05,,,1.0381558246406826
Kosovo,2005,73.437,,1818354.0,,,,,
"Korea, Dem. People's Rep.",2014,72.451,,25451262.0,,,,,
Turks and Caicos Islands,2012,76.969,22633.952750023345,32127.0,,,,,-2.666555620533643
Africa Eastern and Southern,2005,54.807680713633566,1115.7139565764696,463076637.0,92.893928527832,1.8,68.61597411484156,63.9414710998535,6.16249334973169
Kiribati,1998,64.1,874.4843491232207,85657.0,113.161460876465,0.617,,,4.442273992226006
Central African Republic,1997,47.284,265.52128238960034,3531700.0,,0.0143,,,5.299936018260738
Latin America & Caribbean,2014,74.56083486698263,10582.047349708964,612849401.0,109.37109375,48.7,763.0953737910102,93.3079681396484,1.3328338198022325
Other small states,2012,70.39203181494076,11066.661122605974,11346082.0,104.913421630859,,704.5933969958776,82.5635299682617,1.2345132734722597
Norway,1999,78.28292682926829,36393.292747108775,4461913.0,,40.0,,,2.072047169014496
Ecuador,2014,76.141,6405.799793004407,16035124.0,105.59687272731,45.5904,433.41845703,94.2200012207031,4.226065203884559
Post-demographic dividend,2006,78.72914981175151,35768.79387316118,1052866351.0,102.728256225586,,3880.946666799796,,2.941692465824715
"Congo, Dem. Rep.",1998,49.664,131.46133885801902,47297600.0,62.3416213989258,0.000413,,,-1.62415404478989
Brunei Darussalam,1998,73.584,17769.246362602527,312385.0,113.108619689941,6.279999999999999,,,-6.657159467313505
"Macao SAR, China",2005,81.34146341463415,25681.21673152215,473500.0,102.854553222656,34.8629,,,8.07523130593053
Chile,2017,80.61,14879.90862271865,18558868.0,101.396278381348,82.3275,1353.69274902,96.4000015258789,1.3576953734395687
Kenya,2018,62.825,1836.4527552899297,50207107.0,99.770420205161,19.5,75.27681732,,5.647946407092192
"Congo, Dem. Rep.",2006,54.498,238.4176394155117,60615908.0,,0.296054,10.37645721,,5.320979565489978
Cayman Islands,2012,77.121,75101.59136128004,57136.0,103.277848911652,69.7,,,1.2297536570114858
Guatemala,2011,70.321,3168.98370607705,14792126.0,116.099510743236,12.3,191.24732971,,4.163906882933489
Angola,2011,58.093,4615.910598317776,24218352.0,128.386344899029,4.7,122.11888123,,3.472053147981029
Greece,2008,79.93902439024392,31695.83310922093,11077841.0,,38.2,2840.50854492,,0.0574740238200774
Brunei Darussalam,1996,73.079,25692.23563747504,298276.0,111.854377746582,3.3000000000000003,,,-0.0273152499797078
Georgia,2013,73.025,4712.002293826649,3717668.0,110.575228390453,43.3,355.7394104,,5.132885312093819
Canada,2004,79.99219512195123,32145.541262021703,31938807.0,99.4407424926758,65.956,2896.19335938,,3.0923638429225093
"Micronesia, Fed. Sts.",2002,63.907,2156.7053215708593,112448.0,,5.5701,169.95617676,,0.5469976724993444
IDA total,2009,60.55394930237027,984.0916578779828,1406604878.0,92.7210083007812,4.9,40.40503377672357,58.8841094970703,5.060638843333919
Other small states,2013,70.80407900920008,11402.96920881156,11466589.0,104.034332275391,,747.0249547398864,82.9965667724609,0.9445053915383
Chile,2019,80.324,14495.716721686991,19197744.0,101.193206787109,85.0176,1348.99401855,,0.6343675338284385
Burkina Faso,2000,50.808,248.90852692175216,11925546.0,42.8175315856934,0.0770802,7.34345675,,1.8884738890652528
Liberia,2007,58.147,374.2113081042777,3669050.0,,0.551377,15.85356617,,9.535275362822816
Azerbaijan,1998,63.75,561.9068078718692,7913000.0,,0.0375,,,9.999999611536907
Middle income,1990,63.30855049591528,827.0237384192267,3804281569.0,99.1647491455078,,,70.2238006591797,3.2606069228493766
Singapore,2009,81.24146341463415,38926.80543654528,4987573.0,,69.0,1326.11682129,,0.1279533827780881
Senegal,2012,65.229,1326.837988483788,13310495.0,86.4115600585938,10.8,56.61458969,,4.002995550904572
Italy,1993,77.72195121951219,18781.952942713684,56831821.0,,0.122,,,-0.8528057319139037
Cyprus,2011,80.855,32485.796875,1146493.0,101.200538635254,56.8599,2114.66894531,98.6800003051758,0.416711868408683
French Polynesia,2000,79.0,14978.324104667972,240337.0,,6.35706,,,3.2454110130819345
Kazakhstan,2016,72.549,7475.566886894244,18363600.0,95.5584446566675,74.5877,255.84049988,,1.0999999991017262
Grenada,2000,72.955,4839.828111142478,107451.0,94.5418395996094,4.06391,259.33764648,,4.887952136505618
Aruba,2015,75.405,27458.225331027304,107906.0,115.01140867059,88.6612,,,-0.6236259023712449
Cameroon,1995,53.347,832.0066744876888,13058516.0,84.828010559082,,,,2.8940013773969753
Nepal,2000,62.642,223.8302891830779,24546509.0,114.346168518066,0.204652,8.34249592,,6.19999998192236
Isle of Man,2001,75.289,21819.71238256062,76476.0,,,,,5.39999903126116
Qatar,1994,74.245,14764.877135522172,499459.0,,,,,1.418708418529974
"Middle East, North Africa, Afghanistan & Pakistan",1994,64.16897180380047,1643.1686242449264,428117445.0,81.0736236572266,,,55.1179885864258,3.0889841486680893
Mauritius,2015,74.35317073170732,9507.871336564236,1262879.0,97.1186716587986,50.1393,515.72247314,92.7099990844727,3.690556903694329
Kazakhstan,2006,65.722,5030.13494711519,16103716.0,99.8527221679688,3.26837,170.9365387,,10.700000000000005
Marshall Islands,1992,61.9,1963.072346296456,46388.0,,0.0,,,7.140881198180352
Early-demographic dividend,2008,67.02181875680033,2592.8506355225313,2875943965.0,104.850952148438,,119.46347033965525,73.1250991821289,3.450056566302223
IDA & IBRD total,2009,68.58711266797359,3106.5647732779757,5797994405.0,102.649108886719,16.9,161.37682182860195,81.0384292602539,3.0098839504814237
Belarus,1990,70.83658536585365,1706.6409188234345,10189348.0,92.7227630615234,0.0,,,
Central Europe and the Baltics,1998,71.89823767599563,4117.999901441721,109238340.0,,,,,2.633678762577077
Bosnia and Herzegovina,2016,77.124,4928.566525172796,3473003.0,96.1386337280273,60.2565,450.44155884,,3.24225521171914
Bhutan,2016,71.119,3152.309051067865,747866.0,101.324020385742,46.5,97.42939758,,8.475943392329626
Latin America & Caribbean,1996,69.5658524577749,4295.184845370086,489235073.0,106.083976745605,,,87.6485977172852,3.920589734203304
Botswana,2017,65.42,7104.964010880272,2266747.0,,47.8587,471.05056763,,4.114378560266374
Marshall Islands,2000,63.323,2264.7911489764524,50706.0,,1.53427,306.73342896,,2.454430068512721
Tunisia,2020,75.004,3548.6536366380274,11974057.0,103.975509643555,68.5564,250.46203613,,-9.011934123902378
Ukraine,2013,71.474,4129.89697265625,46126770.0,96.3140767527901,40.9541,275.94143677,,0.045439094492707
"Middle East, North Africa, Afghanistan & Pakistan (excluding high income)",1998,64.82336790877729,1075.3585970662743,442475967.0,,,,,5.419688890603226
Faroe Islands,2005,79.44146341463416,36389.081644098005,48359.0,,67.9026,,,
Israel,2017,82.55121951219512,41138.47096427196,8713300.0,96.9318695068359,81.5812,3074.44604492,,4.3469311670645965
Turks and Caicos Islands,2013,77.1,22412.206935488663,33653.0,,,,,1.0708804955403224
Sudan,2012,63.427,1019.22210693359,36923178.0,66.0605392456055,,75.40813446,,-17.004688404894466
Netherlands,1999,77.83658536585367,28318.74665383569,15812088.0,,39.2,,,5.043321364302415
Dominica,2018,71.378,9215.308540564503,68174.0,97.3663705781518,,503.34179688,,2.964010610466005
Mexico,2010,73.718,9728.800782377815,113623895.0,110.995216369629,31.05,534.08520508,93.0699996948242,4.971334577998988
Mauritania,2019,67.64,1767.0727106209977,4467708.0,90.2671941351334,25.0978,54.63365555,,3.1410048930696917
Latin America & Caribbean (excluding high income),2020,72.87592172713384,6892.381715609133,578091505.0,106.388076782227,73.4,571.9856139402575,94.0513763427734,-6.5236090907036015
Europe & Central Asia,2011,76.47941212180717,26221.78565833882,893009595.0,101.192428588867,60.2,2368.239353320742,98.0188674926758,2.3766118864893144
Montenegro,2000,73.39680487804878,1627.065119119869,604950.0,,,,,3.10000005928039
Belgium,2017,81.49268292682927,44035.3239358548,11375158.0,102.752861022949,87.6797,4783.80664063,,1.4744676155678462
Benin,2009,58.258,1024.1027785811184,9509423.0,111.44181060791,2.24,29.58557701,,2.319292139128379
Niger,2002,50.645,225.2943911474382,12349144.0,39.0056304931641,0.127152,10.91576767,,4.918470575946216
Ireland,2012,80.84634146341465,49411.73874767873,4599533.0,102.118339538574,76.92,5210.36376953,,-0.3989604817310948
Mozambique,2014,57.965,697.1426804441226,25788475.0,114.277516463599,6.0,43.50259018,,7.7025684483930945
Spain,1995,77.98073170731708,15460.911026665251,39724050.0,,0.381,,,2.7574940029354167
Pre-demographic dividend,1990,48.93444393074567,938.7406831716085,422471117.0,70.7432327270508,,,50.9873390197754,8.280222771116257
Mongolia,2003,63.57536585365854,643.1680689216577,2480374.0,105.648582458496,,27.18718147,,7.004634573848861
Palau,2008,67.562,10582.739754852964,19009.0,,,880.83892822,,-5.493976658791084
Panama,2008,75.937,7347.590503243971,3500648.0,108.608779907227,33.82,506.78494263,,10.197432590795842
South Asia,1991,58.54961934018743,303.81805683771006,1035058149.0,,,,47.7829895019531,1.5151493554458142
Greece,2001,78.38780487804878,12156.957282422094,10862132.0,101.492576599121,10.935,1004.81542969,95.9899978637695,4.650414594421633
"Egypt, Arab Rep.",2003,68.045,1031.2755629128364,77853548.0,89.3009490966797,4.03789,50.34780884,,3.1934547373974453
Botswana,2006,55.112,5291.583791448487,1874516.0,112.33056640625,4.28993,258.01873779,,8.36387109282306
Haiti,1995,55.582,372.0061046651246,7562546.0,99.27197265625,,,,9.897707488157051
Europe & Central Asia (excluding high income),2002,69.31873062108654,1769.5364953376354,220400259.0,105.925918579102,,95.8974587503832,95.3250427246094,6.403966105451659
Ghana,2011,61.617,1507.435731987529,26095088.0,99.4130783081055,9.0,91.68003845,,14.047123580314905
IDA only,2014,63.60821102254947,1046.785397136035,1015131349.0,99.2957534790039,9.1,46.833285996428046,63.1221084594727,5.08860484835445
Kenya,1994,56.101,276.4478719812441,25857130.0,96.3266296386719,,,,2.6327845178369955
Mexico,1990,69.034,3154.4692034903796,82820170.0,,0.0,,87.5599975585938,5.250043299445821
OECD members,2018,80.02817111166863,39539.186115128745,1356470975.0,102.268859863281,,4799.828589201733,,2.337922850522361
Virgin Islands (U.S.),2007,76.86341463414634,44158.505404432464,108337.0,,27.3393,,,4.010594021944769
Uzbekistan,1992,65.236,602.9205258270478,21485090.0,,,,,-11.199999997316
French Polynesia,1997,77.38,16423.021430868077,229121.0,,0.214,,,-0.1228146515013151
Aruba,1997,72.904,17750.009564419815,86301.0,,,,,7.046874992412214
Lithuania,2008,71.81219512195122,14955.534546292096,3198231.0,99.499267578125,55.22,936.50933838,,2.59946154605602
Chile,2020,79.349,13114.815470545014,19370624.0,99.7043991088867,87.4593,1270.97814941,,-6.143474792240923
Moldova,2007,68.674,1531.2161859074763,2874299.0,,20.45,135.44366455,,3.0000002258552456
Cambodia,1992,55.747,307.0949223851362,8113083.0,,,,,7.017538377702266
Afghanistan,2018,62.443,491.3372213826032,36743039.0,107.687660217285,16.8,71.22509003,,1.1892281294451692
Russian Federation,1992,66.87317073170732,3098.802734375,148538197.0,,0.000673,,,-14.531073772926362
World,2011,70.9680134853525,10471.536427884495,7087120034.0,102.36930847168,30.9,974.1274671122192,84.7115097045898,3.3473109825424814
Least developed countries: UN classification,1993,52.00774654934459,302.71883156982307,562489881.0,69.1292724609375,,,45.9636497497559,-0.2747377541636524
Turkiye,2018,77.454,9568.835063302282,81407204.0,100.931251525879,71.0428,380.27835083,,3.0131703931214986
Thailand,1990,68.924,1559.1120934475484,54738329.0,,0.0,,,11.167163444629251
Costa Rica,1999,77.058,3690.9615477829702,3862101.0,,3.9,,,4.214811171239873
New Zealand,2008,80.35121951219514,31324.739797710237,4259800.0,99.3267135620117,72.03,2850.05834961,,-1.0170384693397525
Brazil,2020,74.506,7074.1937833764405,208660842.0,105.498199462891,81.3427,680.76843262,94.7576490611664,-3.276758796473601
Estonia,1997,69.80975609756099,3682.952301466946,1399535.0,,5.71,,,13.050020704786888
Croatia,1993,71.52243902439025,2447.503191417612,4600463.0,,0.0972,,,-8.025581884003131
United Arab Emirates,1999,74.982,25855.860504658696,3266009.0,,14.9,,,2.902213639632862
Cote d'Ivoire,2007,53.452,1367.5381772232606,21030558.0,59.4631118774414,1.8,56.15083694,,1.1014297679347749
Sub-Saharan Africa,2005,53.89326974495034,1067.920605851607,779665113.0,90.3313522338867,2.0,57.17323589752862,58.9373207092285,6.052817544621902
Trinidad and Tobago,2011,72.232,19151.08702297216,1328019.0,,55.2,872.96398926,,-0.2943544090437626
Denmark,1996,75.59146341463416,35621.98780517318,5263074.0,,5.71,,,2.8957506923045884
Luxembourg,2006,79.2878048780488,90788.80048761448,472637.0,99.6400299072266,72.51,6070.73583984,,6.016715401454704
South Africa,2013,62.388,7331.654673849192,54678791.0,104.091085183075,46.5,593.80157471,,2.485468008265883
Sint Maarten (Dutch part),1997,73.551,,31404.0,,,,,
American Samoa,2006,72.397,8745.166211374039,56374.0,,,,,-4.098360655737707
Cambodia,1996,56.832,324.65587098300364,10801270.0,,,,,5.897505606944776
Kuwait,2004,76.72768292682929,27552.28273997867,2157320.0,106.364921569824,22.9271,649.42504883,,10.240298058635377
"Macao SAR, China",1994,77.26648780487805,15905.261542148202,396800.0,,0.037,,,4.253451709820084
Comoros,1990,55.62,966.3203846298316,444596.0,87.9667510986328,0.0,,,5.091236413396956
Netherlands,2002,78.29268292682927,29446.53308728684,16148929.0,106.958320617676,61.29,2544.81347656,,0.2457856591291118
"Venezuela, RB",1990,70.964,2451.5523114567022,19827010.0,103.632537841797,0.0,,89.8300018310547,6.4679408530580815
Madagascar,1998,56.803,284.19292313985153,15489364.0,88.4220809936523,0.0626,,,3.917074605168167
Solomon Islands,2020,69.258,2063.331015221083,744498.0,89.6007986762942,33.1974,100.99560547,,-3.381147540983605
St. Vincent and the Grenadines,2001,70.382,4071.086010989624,113501.0,114.241172790527,5.09481,162.93431091,,1.7482310202889837
Saudi Arabia,2017,78.721,23929.290713598155,30977355.0,106.381546527147,94.1756,1400.90356445,95.3300018310547,1.1820799330852625
East Asia & Pacific (IDA & IBRD countries),2015,74.9777768374826,6664.487165374688,2030504270.0,101.058212280273,44.1,307.2957940772587,95.4851303100586,6.661433800903822
Eswatini,2011,49.057,4312.34243414155,1117833.0,122.704797199075,18.13,365.25265503,,2.247229618359796
Mauritius,2007,72.57073170731708,6574.663576409905,1239630.0,100.83757019043,20.22,229.2313385,,5.727016159816685
Cyprus,2018,81.556,29599.986328125,1270737.0,99.7954406738281,84.4336,2020.73339844,,6.27166360056404
Bhutan,2014,70.504,2849.4999864730285,733139.0,104.719581604004,30.3,87.19132233,,5.8810855065828775
Armenia,2016,74.86829268292684,3524.4247687470715,2992300.0,93.1108003536782,64.346,359.58227539,99.7399978637695,0.1999999998259909
Least developed countries: UN classification,2016,63.72372706803564,963.9465482122276,985414939.0,100.416076660156,13.5,42.02829310890151,64.6036071777344,3.7319998933500074
Sub-Saharan Africa (excluding high income),2005,53.83850601146597,1168.3965485782078,701214785.0,90.330680847168,2.2,63.038660205180875,58.9320411682129,5.922820191453553
China,2014,76.714,7781.065974849738,1371860000.0,96.8963827081444,47.9,362.28695679,,7.461900282294337
Ghana,2010,61.297,1263.8925176053897,25474995.0,,7.8,80.57714844,71.5,7.899711940516212
Paraguay,1993,68.234,1661.7095530621752,4362696.0,118.049606323242,,,,4.936359414752815
Pakistan,1990,59.728,344.45547384188967,116155576.0,51.8859481811523,0.0,,,4.45858681510218
Chile,2001,77.58,4563.595298668896,15683849.0,,19.1,323.63336182,,3.154034924599671
Central African Republic,1995,48.109,333.14586323389517,3348052.0,,,,,7.200045557519033
Africa Eastern and Southern,2007,56.48435317845337,1362.3106516441571,488580707.0,98.4766082763672,2.7,84.0911878928683,62.9699592590332,6.646935047187725
Bulgaria,2013,74.8609756097561,7795.9809210892845,7160005.0,98.7911834716797,53.0615,547.45483398,,-0.5427516030301547
Middle income,2012,70.37195800170277,4420.32330991182,5255534995.0,104.069122314453,,220.44887503651893,84.0770263671875,5.658108258945532
Bahrain,2000,74.673,14214.48368393432,637582.0,98.8778915405273,6.15373,451.50253296,,5.300069403058842
Cayman Islands,1996,73.74,,34143.0,,,,,
Estonia,2013,77.14146341463415,19310.38749007572,1317997.0,97.6795196533203,80.0043,1194.86206055,,1.7564937962186915
Middle income,1998,65.83185223527735,1221.1620928568152,4358459090.0,99.6526794433594,,,78.3861312866211,3.317866326628632
Uganda,1990,47.561,244.98716812680635,17569897.0,71.945068359375,0.0,,,6.474140152555961
Other small states,1994,64.75562857150045,3927.057490844926,9328189.0,98.116813659668,,,75.7357330322266,2.8403680226569037
Paraguay,2019,73.668,5821.181995486371,6515058.0,,68.5176,416.84432983,93.2099990844727,-0.4018551006800095
Albania,1990,72.71,617.2304355155054,3286542.0,,0.0,,,-9.575640169934076
Syrian Arab Republic,2016,65.19,656.3490586313004,19193834.0,,31.8696,25.93214798,,-6.405590739361898
Iceland,2000,79.65365853658537,32096.37226136954,281205.0,99.1379928588867,44.4705,2855.57470703,,4.985042760497933
Togo,1991,54.255,549.8080115729997,4115560.0,93.8582382202148,0.0,,,-0.6999674950231167
Vanuatu,1994,67.984,1430.993677764832,163314.0,107.16748046875,,,,9.081466092892114
Argentina,2014,76.268,12233.144411918582,43024071.0,113.873519897461,64.7,1274.66125488,,-2.5126153208139357
Turkmenistan,1990,63.867,848.1550473884236,3760562.0,,0.0,,,35.3845581084463
Seychelles,2000,72.77804878048782,8063.655005751688,81131.0,107.946586608887,7.39563,340.23703003,,4.253198349318282
Togo,2019,61.055,826.2606540998936,8463068.0,117.747746676497,20.7273,48.85387421,66.5400009155273,4.922925916859725
Ukraine,1999,68.004,631.910461425781,49976446.0,,0.4049999999999999,,,-0.200000000106499
Cameroon,2018,61.189,1610.6964159101708,24806383.0,104.334202125375,29.7,58.32909393,72.5500030517578,3.955514238920486
Dominica,1995,70.832,3951.7226708635826,69469.0,119.201362609863,0.549,,,3.0308626017160947
Libya,2016,71.799,7525.8029930821585,6632126.0,,,464.47531128,,-1.4909411172621958
Guatemala,2019,71.639,4511.997551576558,17103803.0,101.979363381256,44.401,278.59024048,,4.017897934382802
North Macedonia,2004,73.59756097560977,2818.5814561241964,2016186.0,97.4486389160156,24.44,230.68000793,,4.674089579609159
Indonesia,2002,66.954,881.0029135691312,222088495.0,110.116897583008,2.13414,18.97848511,,4.49947539085764
Guinea,2000,52.42,518.1570669240263,8428832.0,58.3812294006348,0.0954249,22.71722412,,2.503060562996069
"Congo, Dem. Rep.",2018,59.926,528.2560197778985,90047644.0,111.488670349121,11.7,17.29077148,73.5500030517578,5.821121099690245
Australia,1996,78.07804878048782,22021.783906522804,18224767.0,,3.28,,,3.863888913984241
New Zealand,1998,78.08536585365854,14738.44557039182,3815000.0,,31.6,,,0.8584063521984291
Lesotho,2014,50.786,1173.5377928819005,2080089.0,107.843876685208,22.0,121.34915924,,1.710549905454755
Seychelles,2006,72.21707317073172,12782.993892647544,84600.0,99.4439468383789,34.952,581.25598145,,9.406128557328271
British Virgin Islands,2017,75.67,,32699.0,100.15019525383,77.7043,,,
St. Kitts and Nevis,1997,67.811,8626.72257471312,43428.0,,2.26,,,6.823966776073419
Singapore,1997,76.89756097560975,26375.865366811264,3796038.0,,13.5,,,8.316209111244973
Maldives,2017,79.228,10509.628805811955,458287.0,97.1472662194312,65.0,961.57415771,94.5100021362305,7.074428717063057
Guam,2009,76.141,29054.05812015189,166173.0,,50.642,,,0.4386839481555427
Slovak Republic,2020,76.86585365853658,19735.485828080054,5458827.0,99.9172286987305,89.9209,1393.62438965,,-2.585512417332069
Burundi,1996,44.807,143.1567411871586,6070506.0,37.9824905395508,0.0008039999999999,,,-7.999999997940932
Heavily indebted poor countries (HIPC),2001,53.53488609266791,353.8582632722816,495197350.0,73.9895324707031,,15.162555488009495,51.7259902954102,3.636484600257674
South Africa,2011,60.602,8646.055710716348,52995205.0,104.046046582293,33.97,686.87243652,93.0999984741211,3.168556278588184
Chad,1993,47.002,220.72996490329265,6629146.0,51.1670608520508,,,10.8900003433228,-15.709837045207848
Arab World,1991,62.82750662324067,2048.8097549909517,228402316.0,84.7371978759766,,,56.873950958252,-0.6930037841617889
Namibia,2005,52.557,3685.772999915872,1966582.0,112.362739562988,4.01005,374.68215942,,2.52926265819022
Gabon,1999,61.658,3751.3531895062465,1243016.0,133.682098388672,0.249,,,-8.932622802301054
San Marino,2017,84.933,45192.027976694255,33825.0,,60.1823,3672.30322266,,0.258265466328055
Gibraltar,2001,80.419,,27657.0,107.605247497559,21.1711,,,
Burundi,2002,49.924,120.95230857546832,6824132.0,68.6379928588867,0.118228,6.46998882,,4.446519412247966
Channel Islands,2019,81.2,60568.10834795503,165639.0,,,,,1.573355961563422
Azerbaijan,2008,69.355,5574.468104325748,8763400.0,94.0724716186523,17.08,111.88427734,,10.591437294393046
Chile,2013,79.551,15683.548636915511,17687006.0,102.084899902344,58.0,1171.77038574,96.2699966430664,3.3085082471008462
IBRD only,2016,73.25944370324702,5560.963294465743,4721753602.0,107.111763000488,42.0,295.02679006879185,88.8677368164062,4.54607502006175
Azerbaijan,1992,60.773,60.23512054059724,7382050.0,,,,,-22.60000032644443
"Middle East, North Africa, Afghanistan & Pakistan (excluding high income)",1997,64.45986843081856,1077.3362307443322,432334916.0,,,,,3.4609504693112143
Iceland,2007,81.45365853658538,69495.7267376825,311566.0,98.5585098266602,90.6,5803.81152344,,8.454860103735356
"Bahamas, The",2019,71.408,33640.336986127826,394675.0,91.9375456537619,90.6933,1941.60742188,,-0.8390513010131571
Turkmenistan,2000,64.931,633.8354876380108,4582677.0,,0.133282,75.52490234,,5.469064132528544
Mongolia,1991,59.804731707317075,1098.6801744554857,2165342.0,100.393493652344,,,,-8.693544731265575
Costa Rica,2009,79.372,6832.69829924138,4499791.0,110.964897155762,34.33,537.06317139,,-0.8734559427877855
Africa Western and Central,1998,49.45245902400786,1137.744496164249,260297834.0,74.614387512207,,,50.2893218994141,3.623420346006384
Andorra,2009,84.1,43975.01836680928,83888.0,85.0247116088867,78.53,2663.37402344,,-5.302846543482914
Bhutan,1991,56.451,400.63470518707487,599784.0,46.4366989135742,,,,-0.4078757225536691
Samoa,2016,71.003,4147.070976748883,203499.0,107.318115040963,31.7,238.34661865,99.4000015258789,7.9838628784712995
Burkina Faso,2002,51.447,285.65408763753277,12680897.0,45.1330909729004,0.200993,8.48715401,,4.352963829880991
Austria,1994,76.41951219512195,25546.246052508723,7936118.0,,1.39,,,2.402118432590555
Sweden,2014,82.25365853658538,59583.71400016732,9696110.0,118.02986907959,92.5236,6605.91162109,,2.2957637921659853
Peru,2005,71.988,2706.669472976084,28101180.0,114.135032653809,17.1,123.25354004,87.9100036621094,6.285060325096012
Uruguay,1990,72.994,2995.3610566346547,3104403.0,,0.0,,,0.297348378681562
Costa Rica,2006,79.049,5256.596408591589,4321340.0,108.812652587891,25.1,364.52426147,,7.326695432506696
Cameroon,2019,61.695,1555.2266047647745,25506095.0,106.75480128827,36.5392,56.79493713,,3.475059981949812
Sub-Saharan Africa (excluding high income),2016,59.3199433875513,1536.0535912055857,946011305.0,94.8514633178711,17.7,81.63569232890914,64.8878936767578,0.9296930260952224
Nepal,2004,64.744,279.58775004442833,26016656.0,112.833976745605,0.449844,12.92468262,,4.682603251529443
Cameroon,2000,53.338,708.5657316259653,14912631.0,88.4889526367188,0.25212,30.438097,68.4100036621094,3.8324177943061386
Belgium,2009,80.03414634146341,44923.34001350815,10796493.0,102.259460449219,74.5441,4637.45019531,,-1.9064410551533513
Haiti,1996,56.111,377.22946502597233,7707557.0,106.15453338623,0.00748,,,4.140773328567832
Austria,1993,76.06829268292684,23987.203724065657,7905633.0,,0.765,,,0.5268097694967651
United Arab Emirates,1996,71.82,28323.165087053225,2597564.0,,0.375,,,5.798404069199648
Timor-Leste,2020,66.919,1630.869385212559,1326053.0,110.606703667428,32.0127,118.49451447,,31.961918565386952
Thailand,1997,70.362,2473.140969820863,60724584.0,,0.361,,,-2.7535751531408152
Panama,2006,75.429,5528.767054693537,3375024.0,108.620910644531,17.3496,370.62973022,,9.857238705647518
Costa Rica,2013,80.189,10803.24019619723,4716147.0,105.42813873291,45.96,829.93658447,,2.4947661120995406
British Virgin Islands,2007,75.893,,25366.0,112.366188049316,,,,
Central African Republic,2015,51.934,366.3228539381206,4629320.0,,2.9,18.44194221,,4.3371210302023115
Post-demographic dividend,1994,76.03124066565807,22742.691581062325,990028770.0,,,,,3.1576468798846946
Bulgaria,1992,71.49439024390244,1007.3445454488082,8540164.0,,,,,-7.27238799030242
Kiribati,2005,65.517,1161.7834173997692,98035.0,109.628982543945,4.0,131.88641357,,1.2924302946584874
"Iran, Islamic Rep.",1997,68.649,1790.0661757610671,63639638.0,98.2556381225586,0.0468,,,1.350399273715567
San Marino,2000,80.504,37600.70773796005,26799.0,,48.7995,2176.20825195,,2.1793797150041883
Bermuda,1997,76.972,48736.67680342988,60177.0,120.331359863281,24.2,,,4.600000842633634
Eswatini,2003,44.632,2060.1841813578935,1066700.0,99.3593521118164,2.43707,131.40959167,,3.8802137744936545
New Caledonia,1991,69.82,14642.517971372155,181238.0,117.636207580566,,,,4.900028143842448
Iraq,2003,64.834,817.8878624996222,26802659.0,96.4831237792969,0.6,26.98399925,,-36.65678043831654
"Somalia, Fed. Rep.",1998,50.755,363.2000134899917,8155417.0,,0.00716,,,6.586493253486793
Sao Tome and Principe,1994,60.552,989.5007577992436,132732.0,,,,,2.200001582362958
Honduras,2008,69.657,1732.4906270280264,8012587.0,101.453086853027,9.6,149.05706787,,4.231600110093424
American Samoa,1992,71.511,,49038.0,89.9076309204102,,,,
Honduras,2007,69.539,1577.7378919740734,7834798.0,100.833831787109,9.4,127.55919647,83.5899963378906,6.188327166780084
Albania,2002,75.299,1479.8388457200615,3051010.0,110.338920593262,0.390081,78.72909546,,4.6283958739455215
Netherlands,2008,80.25121951219512,58246.702690587445,16445593.0,107.348289489746,87.42,5382.44580078,,2.116815936421375
Latin America & Caribbean (excluding high income),2014,74.37705230659519,9905.721867518863,545661592.0,110.325531005859,47.7,743.8487788003084,92.9755935668945,1.2698788155445726
Argentina,1992,72.096,6789.996111364947,33693527.0,,0.00299,,,7.937291556430765
Libya,2015,71.644,7458.489177563744,6531819.0,,,433.06808472,,-0.842656252118843
Sub-Saharan Africa (IDA & IBRD countries),2002,52.35739431438627,621.6935933250913,718662153.0,83.4894866943359,,28.564028342011937,58.0469398498535,6.361457242728633
Philippines,2004,68.301,1099.6301302375837,86394504.0,102.275131225586,5.24363,33.50411606,,6.5692285118062586
Bahrain,1992,72.785,10460.158322280826,516458.0,93.7332229614258,,,,6.689998127356176
South Asia,1990,58.40661537970696,359.9539731280879,1013297018.0,,,,47.0495300292969,5.58717150098866
Ireland,2009,80.19024390243902,52133.09092378848,4535375.0,102.795967102051,67.38,5502.88769531,,-5.095781788269008
Guatemala,1998,65.969,1741.2011418285576,11139145.0,91.8508605957031,0.4669999999999999,,,4.993527803058484
Northern Mariana Islands,1999,74.262,,65916.0,,,,,
Pacific island small states,2019,68.64215783039846,4170.321209537026,2568656.0,108.226936340332,,225.93225110548136,,1.1536188414301023
Pakistan,1996,60.466,456.9969618329429,138557092.0,,0.00299,,,4.846581286816544
Peru,2019,76.275,7037.008036926039,32449303.0,108.469970703125,59.9505,367.98739624,,2.2406317687504895
Guatemala,2001,67.436,1537.6866357825168,11969422.0,99.7040481567383,1.7382,100.02039337,,2.3325748660885353
Kuwait,2002,76.53163414634147,18512.752303586156,2059974.0,100.232528686523,10.249,578.41534424,,3.0142831519225126
Northern Mariana Islands,2006,77.688,16314.557859002667,60682.0,,,,,-6.87146321746161
"Middle East, North Africa, Afghanistan & Pakistan (excluding high income)",2009,68.2744546682628,2510.7476266612293,565038251.0,,13.5,127.37485387098234,,2.830779631644802
Cote d'Ivoire,2018,59.795,2130.866193811438,27464173.0,88.210939705148,37.5465,65.87952423,,4.843146058891776
South Asia (IDA & IBRD),1990,58.40661537970696,359.9539731280879,1013297018.0,,,,47.0495300292969,5.58717150098866
Netherlands,2006,79.69756097560976,45123.54324064257,16346101.0,107.839912414551,83.7,4080.21972656,,3.5373750968078213
Samoa,2010,71.451,3524.2479246202956,193023.0,107.650732168777,7.0,185.43850708,,6.124719922612499
IBRD only,1997,67.39674091382727,1487.6143128743074,3832391543.0,105.210342407227,,,80.0895004272461,5.385810279815857
Antigua and Barbuda,1998,74.187,10906.878540696138,72412.0,,4.07,,,4.731279149350513
Guinea,1993,48.819,670.7417782299591,7128177.0,39.3742790222168,,,,5.044144540714029
Bolivia,2014,66.97,3041.435031624083,10848888.0,95.4654700824142,34.6016,179.3274231,,5.460569506351362
Montenegro,2015,76.60243902439025,6491.192806186459,624651.0,101.203620910645,68.1198,582.18743896,,3.390381397120734
Guam,2017,76.463,36779.00789039085,163490.0,,80.5055,,,0.890099909173486
Tuvalu,2016,65.51,3808.697550159088,10930.0,100.0,31.0,697.90136719,,5.660377358490564
Iraq,1996,64.618,485.2584927848249,21501321.0,82.5815887451172,,,,11.020785644248193
Lesotho,1990,59.317,329.5637851572028,1809696.0,103.684661865234,0.0,,,6.045473329789331
New Caledonia,1990,69.526,14334.680737217644,176456.0,120.622077941895,0.0,,,3.6000012717431957
Botswana,1993,57.316,2929.4311902245204,1420115.0,107.772499084473,,,,1.9161070518754
Lesotho,1999,50.385,455.65005438737654,2003234.0,95.2596130371094,0.0537999999999999,,,0.4760250522011944
Netherlands,1995,77.40463414634148,29301.19404923763,15459006.0,,6.47,,,3.1160358898283675
Sub-Saharan Africa,1992,49.901019061314365,663.482334398833,550274082.0,72.0140686035156,,,53.139820098877,-0.43398696411532
St. Lucia,1998,70.68,5672.513737707658,154677.0,124.611923217773,1.3,,,6.286471215118624
North America,1993,75.64647872189724,25772.07243709732,288662580.0,,,,,2.7444883377077076
Nicaragua,2006,70.958,1248.1737157778794,5418855.0,123.00740814209,2.80557,79.3536377,,4.152945598462537
Luxembourg,2005,79.43170731707318,80988.13762308584,465158.0,99.8659591674805,70.0,5818.14599609,,2.4828749846838747
Australia,2003,80.23902439024391,23718.13385018683,19720737.0,102.854759216309,,2227.12768555,,3.0907619048934833
Kiribati,1991,61.502,540.1258611234812,76367.0,118.511192321777,,,,-5.648683973696251
Morocco,2013,72.117,3379.7431640625,33787571.0,108.130874044354,56.0,179.81974792,,4.122212868609438
Guatemala,2005,68.167,2046.4661165075804,13087629.0,109.972137451172,5.7,132.41906738,,3.276026925888857
Ecuador,2001,72.571,1791.303596850374,12910740.0,108.008460998535,2.67044,71.16015625,90.9800033569336,4.2062718574878915
Guam,1995,74.511,,150054.0,,0.66,,,
Trinidad and Tobago,2020,72.645,15358.861297306576,1366725.0,,77.2813,1051.83642578,,-8.90279446006656
Lesotho,1994,57.288,455.593586203956,1927707.0,98.1957702636719,,,,5.979873535363865
Europe & Central Asia,1994,71.68712434008324,10969.281458722638,857724586.0,,,,95.8006134033203,1.2606876966442968
Greece,2003,78.84146341463415,18020.612039764048,10928070.0,96.3618927001953,17.8,1566.40979004,,5.796822742943689
"Somalia, Fed. Rep.",1993,50.551,188.60315867791445,6681399.0,,,,,3.990596418882305
Other small states,2018,72.42178504237921,12980.342537999304,12135267.0,101.287216186523,,918.967151885942,86.4989013671875,4.418847455368109
French Polynesia,2017,82.774,20826.93124921722,280087.0,,72.7039,,,4.2926336310348745
San Marino,2013,84.175,50807.82891380245,33041.0,,,4113.46679688,,-0.7839721254355396
Lower middle income,2008,64.7365443618488,1225.819072049394,2464036877.0,101.691856384277,6.4,49.35227307192387,67.0290603637695,4.583068666245623
Japan,2017,84.09975609756098,38834.05293412266,126972000.0,102.254829406738,91.7265,4135.24316406,,1.6753317517335944
Small states,2015,71.12428050191572,10408.66183772409,18482578.0,102.339546203613,47.7,655.9620781847194,85.8593902587891,2.317700257783713
Latin America & Caribbean,2001,71.1505464911298,4326.619191016215,527572583.0,114.882301330566,,274.33012904991654,89.1123962402344,0.4549502799724934
Kiribati,2003,65.287,1020.5003385139406,94175.0,110.661247253418,3.0,102.43731689,,-1.5754668921714057
Sub-Saharan Africa,2020,61.16752708299017,1480.478642261376,1169015451.0,97.9075698852539,27.8,74.59198608897707,67.8860397338867,-1.9942935793726664
"Egypt, Arab Rep.",1998,66.635,1212.8225982047727,69943294.0,,0.148,,,5.575497460986
Azerbaijan,2014,71.93,7890.840280620872,9535079.0,106.059885931559,75.0,280.22314453,99.7900009155273,2.7975854340362787
Angola,2018,62.622,2538.5913914337057,31297155.0,,29.0,84.03104401,,-1.3163616889689536
Mexico,1999,72.203,6499.971829504254,97115707.0,,1.86,,,2.75503039300564
Honduras,2020,70.864,2307.6149431951144,10119640.0,83.6552990388855,45.2483,212.7419281,,-8.965082232672955
Guinea,2014,57.581,765.1469993892789,11472924.0,95.1517791748047,6.4,36.63517761,32.0,3.6965531166408567
Europe & Central Asia,1995,71.83026339790872,12648.800597972531,859504753.0,,,,95.9528121948242,2.1837530704757313
Sub-Saharan Africa,2002,52.35739431438627,621.6935933250909,718662153.0,83.4894866943359,,28.564028342011927,58.0469398498535,6.3614572427286475
Pre-demographic dividend,2011,57.31185331778164,1578.4982831647958,774567417.0,95.3869018554688,,58.84761434199446,58.4964599609375,4.355226998948652
Palau,2007,67.113,10408.43435913377,19302.0,107.821228027344,,897.35339355,,1.7540310150582457
South Sudan,2019,58.129,,10423384.0,,6.7,35.07043839,,
Afghanistan,2010,60.702,560.6215054631456,28284089.0,103.48560333252,4.0,46.42438889,,14.362441471073724
United Arab Emirates,2004,80.272,33376.715229520916,4428967.0,110.694122314453,30.1313,821.74920654,,9.566436637670565
Ghana,1990,55.395,382.5424636835398,15394648.0,65.1150131225586,0.0,,,3.32881788321653
China,1996,70.823,713.3373878116568,1217550000.0,110.509910583496,0.0131,,,9.97619992053447
Bahrain,2015,80.338,23734.05511430191,1370322.0,100.237015471325,93.4783,1128.24291992,,2.5078720526761487
Tajikistan,2003,65.874,233.5812484528902,6658575.0,97.4546966552734,0.0645838,10.97546482,97.5253222351089,10.9999990780572
Guyana,2016,68.069,5870.878237598348,763548.0,,35.66,235.91662598,,3.80745626378814
IDA blend,2006,57.701620308769314,1149.0529377995113,458394453.0,85.2822723388672,5.4,43.26176746283078,61.0397911071777,5.722500907301281
World,2008,70.00347392806421,9403.728196914151,6830513541.0,102.902557373047,22.8,854.0389932418014,83.4791564941406,2.0739527261911803
Dominica,2006,72.007,6055.78109574854,68806.0,102.460342407227,39.3982,271.24331665,,4.400774798120594
Japan,2001,81.41634146341464,34406.18246380916,127149000.0,,38.5321,2488.65185547,,0.3861034261420286
Tonga,2016,71.951,3987.986188370427,105524.0,,39.95,202.96311951,97.1500015258789,6.598698794179583
Togo,2009,56.927,720.694168794129,6551865.0,121.990951538086,2.6,28.3035717,57.0900001525879,5.453823992626667
San Marino,1999,80.2,41931.79514884075,26459.0,,42.8,,,9.049360146252283
Guyana,2017,68.543,6178.665043729804,768479.0,,42.7,266.86364746,,3.7344915457128423
"Micronesia, Fed. Sts.",2000,64.317,2081.9660133518973,112044.0,,3.73486,161.47862244,,4.833903786171106
Liberia,2012,59.785,638.3687514620826,4373043.0,,2.6,49.88091278,,7.993814445553667
Burundi,2004,52.217,125.19496518453332,7310656.0,79.2554397583008,0.34906,8.88248062,,4.833657768094525
Uzbekistan,1997,65.028,620.5912958136596,23758960.0,,0.0105,,,5.199999996564017
Sint Maarten (Dutch part),2017,75.455,34701.30584944681,38996.0,,,,,-7.5352139988242754
Upper middle income,2009,73.50300152533872,4708.71336342617,2553016162.0,107.321228027344,25.8,255.50631442598737,93.6620635986328,3.541910573419287
Tuvalu,2012,65.079,3598.461630910534,10934.0,,18.7,473.34634399,,-2.1276595744680833
Bangladesh,2019,72.625,2129.7989695460574,164913055.0,,30.4,47.84217072,74.6800003051758,7.881915151177225
Gibraltar,2019,83.183,,35494.0,112.325038880249,,,,
World,2000,67.6497257264509,5496.486022896207,6161884811.0,99.119873046875,,475.74480977570704,81.116340637207,4.542101987504239
Mauritius,1997,70.40487804878049,3695.736688443267,1148284.0,,0.476,,,5.687477418866351
"Egypt, Arab Rep.",2020,69.79,3511.1138102637947,109315124.0,95.6433012164233,71.9142,148.35269165,,3.5501648378683797
Other small states,1998,65.02521574486005,4622.04296158061,9746302.0,99.400993347168,,,77.7967300415039,3.461722304224523
Spain,2015,82.83170731707318,25982.44161977755,46422303.0,102.144233703613,78.6896,2349.54663086,98.1399993896484,4.060866724738659
Guatemala,1993,62.442,1165.674427162245,9779761.0,86.3377304077148,,,,3.927131945040245
Fragile and conflict affected situations,1999,54.90340363162285,656.8618747937036,607064140.0,73.2478179931641,,,63.5670318603516,3.1058282863416338
"Korea, Rep.",2010,80.11707317073171,23079.26012577353,49554112.0,100.80436706543,83.7,1413.15209961,,6.8048249178367115
Timor-Leste,1997,48.968,348.86424098108995,917184.0,,,,,3.9999940052356777
Sub-Saharan Africa,2012,58.22811901318132,1800.1891735691574,944970310.0,96.5240173339844,9.2,91.86943781273423,62.2378616333008,3.2794548242538752
Bosnia and Herzegovina,2002,75.994,1606.546722433624,4188002.0,,2.64827,118.87058258,,5.027444207339826
Mali,2019,59.217,971.9493186380917,21068405.0,,24.9603,31.4089489,,4.999999116997046
Guatemala,1999,66.634,1603.6477614493433,11422965.0,96.8086395263672,0.5930000000000001,,,3.847062188905099
Costa Rica,1992,76.385,2612.387564537369,3284258.0,,0.00111,,,9.201103732773603
East Asia & Pacific (IDA & IBRD countries),1991,67.52381039082084,451.2852750779552,1604095270.0,114.102569580078,,,81.0308685302734,8.091576995571458
Fragile and conflict affected situations,2003,56.44692545657918,702.4032636940934,667644273.0,81.6445083618164,,30.07513296788254,63.031421661377,1.1047729992612574
Kuwait,2012,78.39502439024392,52155.22254604792,3337109.0,101.201070548063,70.45,1216.8684082,95.5100021362305,6.625875037015845
"Middle East, North Africa, Afghanistan & Pakistan",2019,71.24386950425759,5371.4898716516645,742714463.0,91.8066787719727,46.0,274.67354939314066,72.9030990600586,1.4860109423223091
St. Vincent and the Grenadines,2019,70.994,8740.594252320614,104167.0,,59.5763,372.05615234,,0.6684284810842342
Denmark,1993,75.1168292682927,27581.72410974587,5188628.0,,0.5780000000000001,,,-0.078900412805325
Niger,2012,57.987,528.5101044696552,17836769.0,67.1548957778323,1.05,22.71487427,30.5599994659424,10.54894457634461
Liberia,2017,60.777,699.2690957274035,4848925.0,79.5952338903314,16.3,71.56608582,,2.455155920122394
Aruba,2019,76.019,31096.205073867608,109203.0,108.025001525879,,,,-2.232442026518683
"Yemen, Rep.",1990,58.528,910.4224659607484,13887862.0,,0.0,,,
Belgium,1997,77.37073170731709,24820.93805038961,10181245.0,,4.9399999999999995,,,3.793671655414371
Russian Federation,2008,67.94926829268293,11635.2841796875,142742366.0,95.3222122192383,32.0,606.77508545,,5.199969264049571
United Arab Emirates,2011,81.898,50789.05054075504,7104538.0,,78.0,1787.59997559,,6.216121816643707
Luxembourg,1990,74.77548780487805,33465.47820791899,381850.0,,0.0,,,5.31993336839281
Fiji,2001,66.205,1944.9974146090017,849596.0,101.234352111816,1.85798,61.49855804,,2.0000001467520576
Upper middle income,2006,72.57386913755523,3261.314383442984,2493333038.0,105.909767150879,12.5,166.66568552845098,91.8390808105469,8.619035224542188
Dominica,2012,71.391,7528.510019901552,69118.0,108.432130011989,49.8,407.42053223,,-0.1573917931422102
Haiti,2004,58.517,683.1852981552732,8910263.0,,5.40126,24.0406456,,-1.3178567596495014
Syrian Arab Republic,1998,70.237,960.8375049277256,15820413.0,101.310081481934,0.0636999999999999,,,6.78530452433867
Antigua and Barbuda,1996,73.839,9756.08717951992,69612.0,,2.86,,,6.6049448827643005
Lower middle income,2004,63.30166753451347,721.1592547832798,2295275996.0,99.8753509521484,,29.802157459681244,66.1084289550781,7.0955591034094425
OECD members,2003,77.42603554910987,26045.496706345337,1229012217.0,103.753021240234,,2731.773381374777,,2.041084914801573
Bahrain,2016,80.407,23800.001440631015,1423726.0,99.8968591364868,98.0,1095.92541504,,3.81499327422425
United States,2005,77.48780487804878,44123.39964700257,295516599.0,101.8740234375,67.9681,6428.60205078,,3.4835499354455948
Morocco,1994,64.346,1358.79443359375,26000822.0,72.2141418457031,,,41.5900001525879,10.588000416128622
IDA & IBRD total,2019,71.39427438590437,5169.58132257986,6594502842.0,98.9152526855469,46.6,269.5570858671469,84.6522598266602,4.036007543162995
Central Europe and the Baltics,2019,77.2659141936307,16551.848891734426,101864274.0,95.8953704833984,,1091.7596473616654,99.4357528686523,4.026711247434591
Jamaica,1992,71.816,1458.1014689263498,2424701.0,,,,,1.95554250245047
Switzerland,2014,83.19756097560976,88724.99107356092,8188649.0,102.470817565918,83.6173,9550.45507813,,2.3498814150017893
Early-demographic dividend,2000,64.21960982849339,1346.075445512744,2509431470.0,96.5262908935547,,63.381669149513186,68.4427719116211,4.371125417718076
Australia,1995,77.82926829268294,20448.12196858736,18004882.0,,2.76,,,3.8859262346009302
Poland,2003,74.59756097560977,5720.81366178104,38204570.0,100.183227539062,24.87,339.33520508,,3.523371172348334
"Gambia, The",2018,64.034,696.2198069606148,2399632.0,91.4803276676529,28.3,22.5376339,53.1599998474121,7.234890332585792
China,1994,69.835,475.6778744483691,1191835000.0,111.16951751709,0.00117,,,13.072709163159942
Small states,2010,69.69331189136938,9773.346145880012,17575200.0,106.191856384277,32.0,606.1418683555517,84.1107482910156,2.291147621655099
Costa Rica,2004,78.512,4431.011720784304,4200078.0,109.149803161621,20.7923,293.77548218,,4.424599596545036
Caribbean small states,2002,68.89971390187509,6903.257810409764,4018796.0,96.4758224487305,,325.19772226006756,89.1533126831055,4.0294055836281615
India,1994,60.237,347.73421473994017,941163767.0,,0.00107,,,6.658924070284343
India,1992,59.445,319.1824726263153,902957070.0,,0.000111,,,5.48239602040357
Andorra,2000,81.863,21810.248743141387,65685.0,,10.5388,1295.08508301,,3.528362361223884
Turkiye,1991,68.287,2649.2725997443945,57009887.0,,,,,0.7202790356100479
Burundi,1990,45.184,202.6294461762974,5587052.0,62.5858917236328,0.0,,37.3800010681152,3.4998221361125275
Early-demographic dividend,1990,60.638326132504275,937.5697265385872,2044241467.0,89.2943496704102,,,58.4152488708496,5.043797190166259
Namibia,2009,55.347,4302.913741483761,2077394.0,116.96800994873,6.5,384.44067383,,0.2959709140010886
Romania,1995,69.4560975609756,1650.0492236520076,22684270.0,,0.075,,,6.233511483713514
Comoros,2007,61.475,1289.7363105636107,616927.0,96.8090896606445,2.5,69.87202454,,0.8000423489553867
Russian Federation,2020,71.3387804878049,10108.3271484375,145245148.0,101.731047648404,84.9947,814.94451904,,-2.653654501027731
Bhutan,2018,71.711,3400.204172453423,759759.0,99.3060254263897,63.5,102.01222992,,3.501871857327373
Chad,1996,47.551,216.91254105648449,7410108.0,47.8558883666992,,,,2.2144730346743415
Latvia,2015,74.48048780487805,13321.975314061565,1977527.0,99.3933181762695,79.2006,775.86431885,,3.783367120849718
Sao Tome and Principe,2018,67.602,1825.5997175396567,210187.0,,38.0,108.87628937,,4.378128082649724
Cyprus,2007,79.798,31244.87890625,1072714.0,100.688270568848,40.77,1694.27185059,,5.09822614854798
El Salvador,2008,70.138,2983.2482957797565,6029297.0,113.391387939453,10.08,253.45413208,83.9499969482422,2.1544029828276763
Afghanistan,1994,50.969,,16250794.0,44.7888412475586,,,,
Armenia,2013,74.62195121951221,3680.1669215888583,3022000.0,95.8742927261572,41.9,392.85253906,,3.299999999999997
Libya,2012,72.188,14975.890279514448,6179328.0,,15.2,592.46356201,,86.82674843957844
"Korea, Dem. People's Rep.",2003,69.399,,24090380.0,,0.0,,,
"Korea, Dem. People's Rep.",2016,72.971,,25698326.0,,,,,
Belgium,2007,79.7829268292683,44319.16544881302,10625700.0,102.451301574707,66.7604,4064.07568359,,3.6769246251580223
Barbados,1994,73.755,8223.166811817186,261620.0,,,,,2.01078255047598
Russian Federation,2012,70.07219512195124,15401.8515625,143378447.0,97.262229693837,66.0,755.48553467,,4.024086157469213
Finland,1999,77.29121951219513,26180.41285623488,5165474.0,,32.300000000000004,,,4.389280703746692
Burundi,2000,47.617,134.53786175238898,6470194.0,59.2368316650391,0.0772484,5.67927122,59.2999992370605,-0.8568640584241507
Sub-Saharan Africa (excluding high income),2019,60.60659128950756,1705.2146304761488,1023480610.0,97.097526550293,26.0,81.39950465115673,67.7212905883789,2.418589163351939
South Africa,1997,60.538,3700.235547898668,45666838.0,98.2605972290039,1.63,,,2.6000000014634708
Kiribati,1997,63.797,953.1629983849406,84147.0,115.385620117188,,,,1.177133095439558
Fiji,1996,66.202,2648.3276626399957,803789.0,99.5344467163086,0.0644,,,4.8000004302096215
IDA & IBRD total,1992,63.25405651475109,902.9333816874592,4491324220.0,95.2431869506836,,,70.6597366333008,1.6471526929973097
Germany,2011,80.43658536585367,47646.58204314298,80274983.0,104.415718078613,81.27,5037.49169922,,3.7579688448734743
"Macao SAR, China",2004,80.99268292682929,23407.19936921936,454700.0,105.103332519531,31.4841,,,26.63098454486088
Argentina,1994,72.732,7437.562423275942,34613491.0,111.172019958496,0.0437,,,5.836200703685265
Timor-Leste,1999,45.246,269.9873127613973,834697.0,,,,,-35.45243122513317
El Salvador,2005,69.336,2447.3914084539406,6005578.0,117.893600463867,4.2,225.17417908,,2.68083009363194
French Polynesia,2010,81.141,22494.80670618603,270580.0,,49.0,,,-2.466064189817402
Northern Mariana Islands,1995,71.938,,48176.0,,,,,
India,2015,69.326,1583.998159079848,1328024498.0,113.541786193848,14.9,58.12401581,,7.996253785714714
Post-demographic dividend,2018,80.74428266470343,45528.32681088682,1111377470.0,101.205238342285,,5714.048220130465,,2.2454197947416645
Iraq,2002,65.724,1266.1596127509445,26006559.0,,0.5,,,-8.203704811871745
Thailand,1991,69.132,1765.622673595285,55637434.0,,5.22e-05,,,8.558260321242301
Norway,2010,80.99756097560977,88163.2085931423,4889252.0,99.6255111694336,93.39,7859.51611328,,0.7870518614940778
Africa Eastern and Southern,1996,51.353189836073774,747.0696739165732,366138524.0,74.5785598754883,,,60.3634490966797,5.454335030570178
Maldives,1994,66.197,1419.392765134082,250822.0,125.378608703613,0.0,,,7.7494862452091695
Channel Islands,2004,79.8,56259.53442263336,152039.0,,,,,
Portugal,2003,77.21951219512196,15797.782134027591,10458821.0,115.237442016602,29.67,1443.37792969,,-0.9305210403248908
Post-demographic dividend,2008,79.14562405909466,40864.24266476142,1065603711.0,103.070198059082,,4503.385316860314,,0.3489012991699525
Greenland,1998,66.15707317073172,20496.57878355897,56100.0,,14.7,,,7.757981744825514
Botswana,2009,58.297,5082.933883324043,1990673.0,111.213661193848,6.15,336.53146362,,-14.144234616342333
Grenada,2015,75.037,8694.12438005692,114676.0,111.623080116231,52.5,404.00680542,,6.44522314693144
Turkiye,1993,69.018,3057.9373748042212,58999167.0,,0.0084599999999999,,,7.651265203015086
Lebanon,2013,78.037,8162.379293613964,5743436.0,86.8028638212504,70.5,576.87176514,,3.8278734986016048
Sweden,1994,78.65024390243903,26045.814892770133,8780745.0,,3.4099999999999997,,,4.015654943614379
Slovenia,2009,78.97073170731707,24501.78972904253,2039669.0,97.7083587646484,64.0,2125.05688477,,-7.59058614046387
Antigua and Barbuda,2007,75.72,18204.51240430678,81704.0,116.446899414062,34.0,714.27496338,,9.315182723156852
Uganda,2004,53.699,292.38185796262013,27154515.0,127.906692504883,0.719971,18.60707474,,6.807233343618833
Gabon,2015,66.336,7047.126546343554,2040989.0,,45.7845,187.27270508,,3.878899395078903
France,2019,82.8268292682927,40408.28485747505,67382061.0,102.447647094727,83.3397,4508.76074219,,2.0274464641923657
Djibouti,1990,55.469,780.4977193607252,579538.0,,0.0,,,
Sint Maarten (Dutch part),1998,73.9,,31193.0,,,,,
Maldives,2013,77.847,8236.081779441261,400070.0,95.7687484324053,44.1,671.65325928,,6.974962268304637
Sint Maarten (Dutch part),2004,74.618,,31690.0,,,,,
Sub-Saharan Africa,1998,50.56604778449025,876.2662826953131,645803591.0,76.6755905151367,,,56.8311805725098,2.5100045869474172
"Congo, Dem. Rep.",2017,59.495,436.58453468738486,87083398.0,,8.6199,18.14648819,,3.726947658830099
Tuvalu,1990,61.643,1084.6670722169863,8798.0,94.3609008789062,0.0,,,15.376000000000031
Lebanon,2009,77.262,7090.854938566208,4992287.0,85.3689270019531,30.14,496.88284302,91.1800003051758,10.232155577776012
Lebanon,2020,76.299,5561.19166950397,5702398.0,76.1016961624784,82.0665,518.296875,,-21.399899691432125
Niger,2020,59.89,579.5124957582361,23717613.0,,17.0375,35.75509644,,3.5506410943689133
European Union,1997,76.24454927286085,18093.626326944912,427547651.0,,,,,2.6848330596223917
Central African Republic,2006,48.687,333.94251990303104,4377579.0,56.7010307312012,0.311159,15.15495491,,4.7710854304410475
St. Kitts and Nevis,1992,66.339,5947.1211356266,40715.0,110.355346679688,,,,4.268973825429853
Sub-Saharan Africa (excluding high income),2006,54.49711533746989,1340.6565953901022,720481278.0,92.0802993774414,2.8,70.19099205193758,58.0251502990723,5.92793002246556
Monaco,1991,79.749,80997.25209248715,30625.0,137.335403442383,,,,1.0151291129615745
Europe & Central Asia (IDA & IBRD countries),2008,70.54516414056764,8939.982906475028,439732746.0,99.3947906494141,28.2,485.8769885118711,97.7522125244141,4.470854669347119
Mongolia,2002,63.54024390243902,570.2492132483989,2449027.0,102.581352233887,2.03957,30.67812347,,4.7329784659011125
Lebanon,2002,74.836,4290.852838032664,4463504.0,85.5243682861328,7.0,391.74139404,,3.423149828437815
Northern Mariana Islands,1990,70.038,,43342.0,,0.0,,,
El Salvador,1994,64.47,1343.9290572543953,5714129.0,,,,,4.692061726678702
Philippines,2002,67.886,1014.9087932010624,83068889.0,102.620742797852,4.33228,26.76997948,,3.716255001583832
Tuvalu,2010,64.834,3024.8170790570994,10614.0,,14.6,465.0112915,,-2.2222222222222285
Dominican Republic,2016,72.889,7160.442009823075,10551430.0,110.70487684674,63.8709,328.36526489,93.7799987792969,6.719740786812949
Africa Western and Central,2016,56.39245185073669,1630.0394468112083,429454743.0,86.6979904174805,19.9,61.4480888061839,55.8716201782227,0.1941774894141446
Moldova,2012,70.344,3044.8084324814986,2860324.0,93.7979704671729,34.65,223.61895752,,-0.5897339547625791
Italy,2002,80.22926829268295,22451.396437936848,57089824.0,102.743858337402,28.04,1762.53759766,,0.26992966378873
Guatemala,1990,61.767,847.6885618303594,9024773.0,77.8762588500977,0.0,,,3.1025631755758667
Mexico,2014,74.404,11391.377351024405,119784261.0,108.573143005371,44.3857,609.82232666,94.5599975585938,2.5037634986289135
Vanuatu,1995,68.104,1491.7896700461747,167137.0,,,,,1.003945041490951
Chile,1990,73.675,2487.76829657299,13437176.0,,0.0,,,3.598723046917442
British Virgin Islands,2001,74.831,,20796.0,108.271560668945,,,,
Arab World,2006,68.49126523878118,4355.087621868792,330526310.0,91.5258178710938,,153.23635850338437,69.2106704711914,6.28242617046746
North America,2015,79.00362546545425,55534.45702915745,357583083.0,100.262733459473,76.1,8747.455125815222,,2.7611045598068955
Panama,2000,73.443,3975.093086595032,3010369.0,104.723449707031,6.5548,300.66052246,91.9000015258789,4.209005478653751
French Polynesia,2013,81.935,21955.63292640951,274728.0,,56.8,,,0.3988014143469343
Chad,2020,53.082,866.9478148904094,17224679.0,,8.34311,37.73088074,,-0.4088943632553565
Kazakhstan,1990,65.701,1570.0088311259071,17154054.0,111.816337585449,0.0,,,
European Union,2010,79.63543079238869,33122.55826746133,442088310.0,101.965263366699,,3270.2790726174326,,2.1845195020449637
Azerbaijan,1991,62.544,734.9442328056881,7271300.0,,,,,-0.7000001756995715
"Egypt, Arab Rep.",1992,63.585,680.7992386455101,61480660.0,80.5505599975586,,,,4.472859184081841
Tanzania,2014,63.364,1022.74841308594,50351512.0,85.9364790514687,7.0,39.85456848,79.895395421312,6.732461868324833
Madagascar,2013,63.161,515.3015893618319,24109290.0,136.436484265628,3.0,19.33186913,,2.3003762280072664
Haiti,2003,59.44,578.9952910797085,8759912.0,,1.64736,18.60943604,58.7400016784668,3.48077973188326
Least developed countries: UN classification,2020,64.83235854173233,1088.7049085651304,1083636132.0,103.261260986328,25.0,42.788509813403365,66.4538269042969,-0.0998965241378897
Europe & Central Asia (IDA & IBRD countries),1990,68.8738472388555,2377.6546638100863,430990546.0,,,,95.5053405761719,-1.4576145409635188
Bangladesh,2000,62.049,396.6707302497512,134544304.0,,0.0710394,8.27585602,,5.293294718925324
Central Europe and the Baltics,2007,74.25064872107684,11997.346924709653,105378748.0,100.405372619629,,729.7216737570652,,6.338837747427647
World,2020,72.18222394638734,10963.175642236369,7855075060.0,99.6324920654297,58.6,1158.0709298581446,86.9843063354492,-2.849082346706737
Libya,2007,71.788,11144.94484134354,6104380.0,,4.722,269.63085938,,6.229982785618375
IDA blend,2003,56.63591263059358,712.3849054758632,425311302.0,83.5680923461914,,27.38075274495757,60.0833892822266,4.523608740045603
Switzerland,2010,82.24634146341465,76531.37281822969,7824909.0,103.392906188965,83.9,7695.68798828,,3.24339715656356
Europe & Central Asia (excluding high income),2018,74.59766981133065,5952.250029906104,246659127.0,98.02734375,65.7,281.586252224146,98.6577835083008,3.4973983676072464
Mauritania,1998,59.89,821.2663785519374,2474651.0,80.7735366821289,0.0406,,,2.777804797370109
OECD members,2006,78.2501352258837,31673.81219245759,1255746646.0,104.563491821289,,3339.161858729081,,3.048151106359967
Lao PDR,2004,60.08,409.29629828411726,5781626.0,108.649421691895,0.361434,16.23278809,,6.3576954800823415
Sri Lanka,1997,69.934,827.0357560586306,18248200.0,,0.1619999999999999,,,6.405399695712859
East Asia & Pacific,2008,73.84816299439966,6547.770331635348,2183472438.0,105.375160217285,25.2,375.8225891850192,93.8185882568359,4.435970154727187
Nauru,2015,60.897,7703.431499439229,10954.0,99.080157695014,,979.76556396,,2.698017273675106
Panama,2014,77.365,13213.198963747343,3892101.0,99.132606826684,44.9238,919.2946167,,4.625813755655514
"Congo, Dem. Rep.",2009,55.798,280.7980515264983,66412044.0,91.9076995849609,0.56,12.75762081,,2.855064010114845
Mauritania,1992,58.568,1036.4743780857648,2088135.0,53.9294586181641,,,,1.8741257364961967
Antigua and Barbuda,2018,77.132,18273.427068491183,90926.0,112.740837097168,72.9637,856.37127686,,6.712004871597259
Comoros,2014,64.143,1615.7171846020924,711503.0,113.579839227082,6.98,84.63935852,73.7981579213275,3.895693289512153
Tanzania,2007,59.26,543.198303222656,41435512.0,108.751991271973,1.6,36.23610306,,6.768535202937159
"Iran, Islamic Rep.",2008,73.683,5377.411507255866,75514204.0,99.2127914428711,12.02,288.85775757,82.9599990844727,0.2508565525110526
Marshall Islands,2002,63.848,2566.067087992222,51425.0,117.119171142578,2.33544,309.72741699,,3.635790150490408
Haiti,1998,57.137,465.36330625905066,8002143.0,115.842430114746,0.024,,,2.18184032957123
Costa Rica,2019,80.296,12884.68599519475,4999553.0,108.828872680664,81.2026,930.43511963,,2.417511817625126
Mozambique,1992,45.095,205.5852160620939,13613316.0,63.6998901367188,,,,-7.576647248800967
East Asia & Pacific (IDA & IBRD countries),2005,72.440234089532,1673.193450773611,1874487158.0,105.609703063965,8.4,65.0310899593706,92.1205902099609,10.048960700440006
Luxembourg,2008,80.53902439024391,120422.1379341569,488650.0,99.1816101074219,82.23,7578.74951172,,-0.3001756249368412
Rwanda,2003,53.529,249.0122749822519,8586875.0,123.162269592285,0.356918,17.25927353,,2.202387511396026
Ethiopia,2011,60.595,343.0249423518872,93149970.0,90.6282577514648,1.1,14.62286568,,11.178296227164168
Heavily indebted poor countries (HIPC),2005,55.77738097341728,519.5291523381569,555358929.0,87.9679794311523,,24.769987546229565,53.7808799743652,5.662330827567018
Andorra,1999,81.55,18875.28691339804,65710.0,,7.64,,,4.099078921779295
Vanuatu,2014,70.043,2973.09026493408,260240.0,,18.8,108.22322083,,2.5750403162877973
Nauru,1993,59.761,4310.244332986227,10102.0,,,,,-16.1173730227664
Tuvalu,2011,64.96,3636.081399897922,10780.0,,16.5,501.53479004,,6.818181818181813
East Asia & Pacific,1992,69.06510627254217,3167.8619274410694,1869074614.0,112.360206604004,,,82.3266296386719,4.266925741782714
Latvia,2020,75.18536585365854,17564.232154935427,1900449.0,99.8328475952148,88.898,1313.35412598,,-3.4692275078055417
Burundi,2006,53.962,161.89275564031908,7865547.0,107.597122192383,0.657593,14.10514736,,5.413807144914443
Cambodia,2014,69.117,1431.5639646999336,15396772.0,108.942219609284,14.0,72.69956207,78.0599975585938,8.000320746185665
Africa Eastern and Southern,2002,53.20674433430259,625.9988161663439,427820358.0,83.9098205566406,,34.967108409350246,63.8376197814941,3.8338481397829582
IDA only,1998,55.35659419953428,343.4352903774829,704912232.0,76.6438293457031,,,53.3423805236816,4.1586954988212455
Latin America & the Caribbean (IDA & IBRD countries),2001,70.99523663640325,4222.975958667407,511809816.0,115.187141418457,,275.5802122084938,88.8449783325195,0.2273830878772145
Turkmenistan,1993,63.586,788.418914207107,4032407.0,,,,,1.5000001739180675
Maldives,2015,78.607,9644.906550281454,428154.0,99.0061090225564,54.462,837.47290039,,3.868135335713802
High income,2001,76.31476643159259,22061.970110125018,1262093741.0,103.25431060791,,2189.89479668301,,1.5957781465115062
Cabo Verde,2007,71.487,3324.5767521249763,496190.0,110.927947998047,8.28322,127.73626709,,15.17068797355168
Kosovo,2013,76.336,3704.5587278167186,1818119.0,,,,,5.3407991190027815
Peru,2011,73.327,5861.3579364524485,29304086.0,109.572143554688,36.01,264.46487427,,6.327192401611171
Belarus,2003,68.55365853658539,1819.5265311469911,9796749.0,105.365631103516,,108.51013947,,7.043192499274369
South Asia,1999,62.29462753995825,437.93625384754546,1214263809.0,96.4870529174805,,,58.7278518676758,8.208555283197128
Indonesia,2008,68.085,2124.5548392061796,240157903.0,109.333679199219,7.91748,59.24273682,92.1900024414062,6.013703600091233
Russian Federation,2018,72.66219512195121,11211.8876953125,145398106.0,102.018364437962,80.8647,606.11401367,,2.8072454105960105
Liechtenstein,2016,82.25853658536586,165375.4913962594,37716.0,105.491020202637,98.0939,,,
Libya,1992,69.974,7302.689086792258,4640352.0,,,,,-2.712274079543093
Tuvalu,2001,63.709,1456.78409421177,9586.0,101.205673217773,5.7,261.71032715,,0.0
Mali,2000,50.605,256.19955497824145,11559290.0,52.9354515075684,0.142546,14.00467396,,-0.0608349718130512
Moldova,2002,67.793,570.7998661882931,2911385.0,,3.78724,33.9242363,,7.799999657738326
Switzerland,2003,80.53658536585368,49335.7456291067,7339001.0,104.157531738281,65.1,5018.52734375,,-0.0323984255438887
Europe & Central Asia (excluding high income),2008,70.9743175160426,6169.1687857604675,226524480.0,100.993759155273,20.6,322.5810420169623,96.0156402587891,3.047592664935067
New Caledonia,2003,74.5,20768.10614888481,236678.0,,26.4083,,,
Eritrea,2009,63.203,642.9257228800705,2887885.0,77.9211807250977,0.54,24.35102463,,3.876501527542103
Arab World,2014,70.53506663102809,7311.289968943475,400231008.0,87.7741394042969,,325.29696948842354,76.3133087158203,2.589732858206943
North America,2002,77.19193587685865,36652.00312785095,319046534.0,99.8392486572266,,5014.026156563258,,1.8012474052329992
"Venezuela, RB",2012,73.086,12901.417158227414,29553826.0,100.787887573242,49.0501,,95.9871889937429,5.62595697508641
New Zealand,2017,81.85853658536587,42950.38417111379,4813600.0,98.4804382324219,87.7,3849.74169922,,3.378732194707652
Hungary,2018,76.0658536585366,16605.05705118868,9706964.0,96.7522125244141,76.0744,1080.44775391,,5.60613813768876
"Middle East, North Africa, Afghanistan & Pakistan (IDA & IBRD)",2011,68.62996358248631,3234.882598840261,585763053.0,,16.7,157.63440334936084,,-0.4431131241830428
Romania,2015,74.91219512195123,8977.017481581965,19815616.0,89.0534133911133,55.7632,442.24038696,,3.157036054385401
Dominica,2003,71.942,5447.440114962842,68531.0,107.957481384277,23.6204,242.78863525,,5.804954686295332
Slovenia,1999,75.00975609756098,11401.490679090928,1983045.0,,12.6,,,5.26800700427259
Argentina,2005,75.231,5067.653422932756,39216789.0,114.580780029297,17.7206,389.34667969,,8.851659920134367
Channel Islands,2001,79.0,41873.74061461271,148850.0,,,,,
Estonia,2017,78.09268292682927,20851.522349686096,1317384.0,97.2500534057617,88.1025,1350.12646484,,5.634672489639911
Estonia,1995,67.54390243902438,3134.3897534540665,1436634.0,,2.78,,,4.526681792188114
Belize,1995,69.484,4012.079590097283,204146.0,120.450706481934,0.0453999999999999,,,0.7329272520180297
IDA blend,2001,55.889906446422,602.9845064774173,404662385.0,81.8082962036133,,19.220916591613623,58.1937294006348,3.9691794124008055
Upper middle income,2007,72.91279675085796,3981.317614089365,2512165159.0,107.400169372559,16.6,200.21880351678072,92.8469696044922,9.430767511024117
South Asia,1994,60.07843597857868,342.7231116843968,1101305517.0,,,,50.1472816467285,6.367326239291373
West Bank and Gaza,2012,73.722,3067.438727356144,3979998.0,94.7061306249874,43.4,298.34082031,95.6699981689453,6.09645656326154
South Sudan,2006,54.653,,7976526.0,,,,,
Albania,1997,73.383,728.5455237296745,3148281.0,,0.0486,,,-11.711573281227786
Virgin Islands (U.S.),1991,70.8079268292683,,104807.0,119.724082946777,,,,
IDA & IBRD total,2004,66.82383053169274,1632.3978202583926,5417128229.0,101.412147521973,,81.3239814560483,79.5674514770508,7.576755979263666
Vanuatu,1991,67.114,1326.373212562116,151793.0,96.1060028076172,,,,3.147638480275859
Denmark,2015,80.70243902439024,53094.01336075736,5683483.0,100.882141113281,96.3305,5531.87890625,,2.104414564453009
Middle income,2018,71.96013269161774,5240.738757119683,5640395313.0,99.0251922607422,,266.58780344562285,86.3734893798828,5.038087593246203
Netherlands,2009,80.54878048780489,53172.02615814183,16530388.0,107.019401550293,89.63,5282.74316406,,-3.665290491450961
South Asia,2011,67.81083948340245,1397.0068242448044,1464372623.0,109.978492736816,9.4,46.372331984182686,68.6995315551758,5.451094031907246
Grenada,2014,75.045,7986.334212107877,114132.0,108.844735077129,51.6,381.22598267,,7.342123960379482
East Asia & Pacific (IDA & IBRD countries),2020,75.73384970546994,8485.420257804639,2095759417.0,100.050987243652,66.6,446.49690890404,96.2679672241211,1.3451781381745178
Jamaica,1999,71.189,3431.568134683354,2589795.0,91.0281600952148,2.36,,79.9199981689453,1.047673870737924
Greece,1996,77.68536585365854,13432.526218324443,10608800.0,,1.4,,,1.3824705732585727
Cote d'Ivoire,2000,51.393,936.6365413487983,17699004.0,64.5294876098633,0.231462,33.58165741,48.7400016784668,-0.2657894622759471
Sri Lanka,1998,70.134,849.3746127685797,18596003.0,107.307228088379,0.296,,,4.698423047720524
Djibouti,1997,56.207,748.232840194914,671817.0,,0.0829,,,
Mozambique,2000,49.476,327.1262397915697,18129653.0,73.2299194335938,0.109593,7.00877714,,0.7662349557734416
St. Vincent and the Grenadines,2017,71.013,7988.044450192978,105663.0,113.043479919434,53.7,337.89614868,,1.448830633671605
Dominican Republic,1990,67.746,989.1639412076594,7151166.0,,0.0,,,-5.454312395112538
Caribbean small states,2015,71.86410216654757,14402.472577938885,4314191.0,99.7156524658203,,752.6892283003905,,-0.1309587045151516
Morocco,2006,69.157,2438.12646484375,30771178.0,104.963706970215,19.7712,110.22368622,,7.7908200104026974
Tanzania,1992,51.432,250.329925537109,27457588.0,67.8285980224609,,,,0.5843221319240683
Barbados,2004,75.15,12886.366527246744,267298.0,102.365783691406,49.8,942.37701416,,1.4115983066369324
Philippines,2014,69.311,2866.838037614072,103767130.0,104.629987793486,34.7,106.16293335,,6.347987482608673
Oman,2009,76.631,20655.918024921848,2684659.0,100.969787597656,26.8,510.08691406,,5.981966949044022
Gabon,2005,62.978,6547.876139551863,1463495.0,,4.89326,189.56433105,,2.6762033331092567
Libya,1996,70.736,5591.020275445585,4987393.0,,,,,2.134123200292777
Heavily indebted poor countries (HIPC),2018,62.79854425822195,977.3459005044284,802020674.0,100.386817932129,,43.420714655652816,64.5372924804688,4.234449959056931
IDA & IBRD total,2018,71.15332828921403,5111.821394511662,6518316997.0,98.8927383422852,41.7,262.29041373275027,84.6161499023438,4.913963333746381
Tonga,2009,70.949,2914.2377400456385,107203.0,113.065528869629,10.0,118.79367065,,-5.129178191505318
Qatar,2015,81.785,68985.29469615073,2344557.0,101.073259958727,92.8848,2422.64453125,,4.753345724387373
South Sudan,2014,45.625,1242.7345018103244,11235073.0,,2.6,,,3.37364847715736
IDA blend,2007,58.06009060510067,1296.3796826118098,470476526.0,84.4523315429688,6.1,47.20545571981389,59.5759201049805,5.422509524400226
Pacific island small states,1997,66.68072080820939,2037.0260745999285,1954642.0,103.779083251953,,,,-1.2818284558650674
Europe & Central Asia,2009,75.68924793526266,23237.11513412262,887741128.0,101.233612060547,52.7,2196.878371595935,97.7062072753906,-4.433390589991163
Latvia,1990,69.27317073170732,,2663151.0,,0.0,,,
Middle income,2017,71.65997567233337,4973.537079677237,5579306367.0,102.705619812012,,256.2510733097274,85.962043762207,5.365862377812178
India,2002,63.649,469.1499289739273,1097600380.0,97.4474563598633,1.53788,20.15651703,,3.8039753211217544
Kenya,1996,55.575,440.5270788808763,27344211.0,,0.0088399999999999,,,4.146839268760132
Oman,2003,74.521,10463.54258321412,2363796.0,96.4981994628906,7.25574,290.38589478,66.0999984741211,-2.19466567976842
Georgia,1990,68.679,1610.9802714686828,4802000.0,,0.0,,,-14.788785046728975
Brunei Darussalam,2020,75.114,26834.359246383858,447404.0,102.709633966272,96.3055,657.90374756,,1.133573406054026
IDA total,1991,53.27515806358204,455.4318250685494,898197050.0,71.8321533203125,,,49.775821685791,1.924270370928042
Croatia,2006,75.8368292682927,11502.753124287045,4311159.0,99.3845520019531,37.98,816.01702881,,5.081465904072701
Africa Western and Central,2002,51.108023571134275,616.7960326379975,290841795.0,82.8384094238281,,19.766874199560306,49.5582504272461,9.968802113919368
Burkina Faso,2011,57.001,725.0247677254749,16661908.0,79.7322151346571,3.0,33.70409393,,6.622562613066933
Thailand,2007,73.779,3918.5281743458054,67102394.0,97.8308029174805,20.03,125.10979462,,5.435151690508093
United Kingdom,1996,77.08780487804879,24406.400298359004,58166950.0,,4.12,,,2.5819938751743763
Zimbabwe,1998,47.551,552.1653201980271,11594297.0,107.43229675293,0.0816,,,2.8852117961965575
Uruguay,2014,77.194,18322.427676715724,3356334.0,108.393033302718,61.4625,1495.59777832,98.4400024414062,3.238791229523642
South Asia (IDA & IBRD),2018,70.65235739713637,1988.366333179902,1589164714.0,102.812812805176,20.9,57.62712001020979,74.7436676025391,6.393666325361451
Belize,2015,71.647,6154.495934982166,356333.0,113.602548159784,41.59,287.53118896,90.9199981689453,2.8761837951595908
Grenada,1995,72.094,3294.269883396572,103869.0,133.123962402344,0.0,,,2.1294751495985764
Grenada,2010,74.731,6909.60169568597,111586.0,110.229927062988,27.0,374.46508789,,-0.511146187173722
Lao PDR,2005,60.688,466.0615069977412,5869523.0,110.026527404785,0.850357,17.33082581,72.6999969482422,7.107568368112666
"Micronesia, Fed. Sts.",2017,65.761,3279.1077903928535,109481.0,94.2192600897319,35.3041,408.86560059,,0.8230452674897037
United Arab Emirates,2017,82.388,42340.59171601607,9223225.0,,94.8199,1695.203125,,0.7350687139412031
Latin America & Caribbean,2015,74.7432221893097,8758.631461288003,618868462.0,108.312019348145,54.4,681.597120952927,93.4505004882812,0.4032566529631509
Philippines,2008,68.643,1959.292335349778,92699095.0,101.465858459473,6.22,75.69056702,95.4199981689453,4.344487305091832
Jamaica,2008,71.502,5029.800952817452,2725635.0,98.6940078735352,23.6,282.24386597,,-0.8117367032808147
Haiti,1991,53.524,496.54598743386447,6995450.0,,,,,1.8805447239628137
"Middle East, North Africa, Afghanistan & Pakistan (IDA & IBRD)",2020,69.00909640263727,2375.4738441755976,687728758.0,,46.3,125.77670023682552,,-2.793961030920329
Philippines,2009,68.631,1864.450434064713,94384250.0,102.759162902832,9.0,77.64539337,,1.4483230627566854
Myanmar,2016,65.64,1229.1971351589325,51495696.0,119.916152954102,16.0,59.67910385,84.7799987792969,5.86247291518572
Antigua and Barbuda,1999,74.456,11342.33492309131,73666.0,,5.3,,,3.7077459451265753
Netherlands,1994,77.37512195121951,24682.58667428631,15382838.0,,3.26,,,2.961092490926049
Afghanistan,2003,57.171,198.87111572872664,22733049.0,95.3357467651367,0.0878913,17.74602509,,8.832277802882672
Mexico,2007,73.796,10134.332712970609,108774360.0,108.726860046387,20.81,558.06530762,92.8000030517578,2.0778639395329037
Virgin Islands (U.S.),1993,71.07826829268292,,106578.0,124.084976196289,,,,
Low & middle income,1993,63.488984727053925,840.4306372388851,4282493268.0,95.6187210083008,,,70.8108978271484,5.025425234571699
Lao PDR,1995,56.344,357.75816219340624,4929409.0,103.864929199219,,,60.25,7.031254324190044
Turkiye,2001,72.271,3045.554139569256,66245128.0,107.175216674805,5.18948,148.86210632,,-5.750006554642567
Marshall Islands,2015,65.292,3764.344262295082,48800.0,106.642495754433,19.2824,557.35211182,,1.8857459789240067
Lesotho,1998,52.029,464.68374554826465,1998049.0,95.4888076782227,0.011,,,1.5376558943374334
Antigua and Barbuda,2008,76.075,18786.67431422159,82912.0,118.499542236328,38.0,694.03344727,,-0.0140065981851762
Curacao,2004,73.735,16671.340339165494,134192.0,,,,,0.2084610731093619
Kosovo,2018,77.117,4384.1862408494735,1797086.0,,89.443,,,3.406632270562852
European Union,2012,80.16577732092712,33328.77198576163,442069839.0,101.635932922363,,3300.159838958623,,-0.7617854392972845
Upper middle income,2020,75.23155162011791,8334.905823767429,2785181241.0,101.335487365723,70.3,490.91563154551767,95.7266387939453,-0.398382933666042
Ukraine,2015,72.686,2094.47387695313,45784896.0,87.8509930688999,48.8846,154.75454712,,-9.772987212867603
Peru,1994,66.544,1879.366577579185,23881493.0,113.52668762207,0.0085,,,12.308366184844502
Guatemala,1997,65.249,1638.4628185178874,10857754.0,86.4837188720703,0.0955,,,4.364089946783409
"Micronesia, Fed. Sts.",2014,65.294,2945.414959961622,108396.0,97.3142040069009,29.65,345.01589966,,-2.3057757452932464
OECD members,1995,75.47229038208985,22178.78509584159,1158068699.0,,,,,2.6859197226319083
Grenada,2013,75.022,7424.802122873267,113487.0,109.840515778758,35.0,417.74581909,,2.351098016779048
"Middle East, North Africa, Afghanistan & Pakistan (IDA & IBRD)",2016,69.49618263990982,2828.100490448764,641470827.0,,30.6,157.28924360608175,,5.540859774701005
Syrian Arab Republic,2019,70.97,1109.539260360489,20353534.0,,34.65,50.25953293,,1.2207052207052271
Post-demographic dividend,2015,80.44009973133352,40767.673206998865,1097890139.0,100.838203430176,,5108.035963229781,,2.2371485960769064
Myanmar,2012,64.251,1202.6658960055008,49837446.0,,1.4,37.25568008,,7.332670447041494
Tonga,2007,70.887,2797.06560109144,106726.0,110.225120544434,7.17987,134.56217957,,-2.464307791002227
Greenland,1994,65.9009756097561,18124.099807576335,55500.0,,0.0647,,,5.924369801492091
Marshall Islands,2013,64.954,3677.9069079142087,50681.0,,14.0,445.42425537,,3.808982376350187
Romania,1994,69.50975609756098,1323.032377669268,22730211.0,,0.0263,,,3.931942729625064
Bulgaria,2020,73.35609756097561,10769.947569941432,6550696.0,96.5437622070312,70.1625,856.70440674,,-3.215737434450162
Mauritius,2003,72.1170731707317,4858.265755497474,1213370.0,102.185363769531,12.1871,157.68417358,,5.925445489477312
Lebanon,1992,71.169,1559.3810062844643,3747371.0,77.2161636352539,,,,16.43834570457281
Moldova,2004,68.017,897.1784947494684,2896023.0,,10.6294,64.60713959,,7.399999733581893
Antigua and Barbuda,2020,77.161,15369.60822504014,91846.0,,75.0089,883.50018311,,-18.86877652081479
Albania,2019,79.467,5460.430508693201,2854191.0,102.58954115148,68.5504,366.34014893,,2.062577901761216
Sao Tome and Principe,2005,62.434,844.1691818842738,161639.0,125.522186279297,13.7595,80.13071442,,6.614624750335992
Philippines,1990,64.382,803.5725882558125,62854666.0,106.466331481934,0.0,,93.5699996948242,3.0826725285588736
Spain,2004,79.87073170731709,24925.02678445755,42921895.0,105.000923156738,44.01,1922.27380371,97.1699981689453,3.1145314799160957
Spain,2007,80.87317073170732,32652.01559470198,45226803.0,103.025680541992,55.11,2606.27783203,97.9400024414062,3.5335001316597214
St. Kitts and Nevis,1996,67.488,7788.4283985457105,42877.0,,1.95,,,5.842838025859848
Dominica,2004,71.987,5778.833065465062,68649.0,104.842819213867,30.3196,253.70576477,,4.097836622739166
Guatemala,1994,63.026,1292.672027504829,10043718.0,85.6474227905273,,,64.2099990844727,4.033741496414578
Libya,2013,72.339,11951.713412601106,6304628.0,,16.5,594.65338135,,-17.997961574568123
World,2017,72.36534478196157,10765.266223350423,7614748582.0,101.750663757324,45.2,1027.1186510705188,86.4681015014648,3.4563416013483135
Europe & Central Asia (IDA & IBRD countries),1992,67.71908742216046,2138.298407507089,434844449.0,,,,95.8372268676758,-9.548759481362438
"Venezuela, RB",2013,73.076,12403.14669575824,29912198.0,101.162292480469,54.9,,,1.34309403607476
Europe & Central Asia,2004,73.98809651046724,18102.986610105545,873069464.0,103.689987182617,,1567.3322309618618,97.0722122192383,3.1953156484459555
Dominican Republic,2019,73.112,8183.016236003749,10894043.0,112.333610534668,79.7155,346.12109375,93.6758208343989,4.894030114958397
Nigeria,1995,45.87,1271.616173531988,110819428.0,87.4475326538086,,,,-0.0726647639378796
Sub-Saharan Africa,1997,50.62381375100626,897.8492118288696,628853819.0,75.3786697387695,,,56.1595687866211,4.06840492014247
Guyana,2020,67.751,6775.709390963032,807481.0,96.3569272771871,62.954,367.11260986,85.6399993896484,43.47965171684899
Bulgaria,1990,71.64146341463416,2366.5298212861385,8718289.0,,0.0,,,-9.117377095653794
"Bahamas, The",2002,73.023,26781.61959386516,331614.0,89.1420669555664,18.0,1021.03601074,,2.7049562473102924
Iraq,1993,65.31,53.743784234881936,19201195.0,91.1351470947266,,,,30.28982949115712
Georgia,2008,70.949,3324.7537205015014,3848449.0,109.99112701416,10.01,281.84671021,,2.4216144096064056
Denmark,2004,77.49268292682927,46625.05009801095,5404523.0,100.0,80.93,4194.87353516,,2.776351807440534
Montenegro,1999,73.1438780487805,1367.9025733509702,606001.0,,,,,-9.399998124349892
Ethiopia,2017,64.766,745.6324339253431,109666481.0,101.223991472845,15.6,24.18239403,,9.56418965754014
Burundi,2003,50.997,111.4066828043908,7043154.0,74.1769638061523,0.201273,5.87316799,,-1.2237279602344415
"Korea, Dem. People's Rep.",2006,69.061,,24524507.0,,0.0,,,
Papua New Guinea,1998,60.435,733.4798601376624,5166390.0,74.7489624023438,0.235,,,-3.769113217834573
Switzerland,1991,77.51463414634145,39544.49468267683,6799978.0,,1.18,,,-0.9158166165479428
Israel,1993,77.15365853658537,15178.839987539051,5261000.0,,0.3989999999999999,,,4.116756357145107
Early-demographic dividend,1997,63.09874157898043,1247.8433714204475,2369042441.0,94.5794982910156,,,63.9864387512207,4.932779659009114
Post-demographic dividend,1997,76.77555522446917,24454.258776579565,1006102041.0,,,,,3.4365711531090284
Monaco,2010,84.644,161853.9206222442,33163.0,,75.0,8016.66992188,,2.06521962654098
Slovak Republic,2004,73.95853658536586,10650.129009712562,5372280.0,104.143577575684,52.89,511.52990723,,5.389498569967714
Sierra Leone,2020,59.694,845.9829142845655,7912558.0,142.792124647639,17.1208,47.8861618,,-1.2533490322766028
IDA & IBRD total,2015,70.37189917846466,4494.441197033107,6281111240.0,100.988311767578,32.7,234.87902052134845,83.6365737915039,4.312034254171863
Burundi,1991,44.66,204.66825839881744,5703857.0,63.7648010253906,0.0,,,4.996836447921254
Fiji,2006,66.126,3455.105999073486,890365.0,98.807487487793,9.60004,126.38617706,,1.8524838719948633
Brunei Darussalam,2010,74.82,34937.555517406785,392332.0,108.70580714953,53.0,795.97766113,,2.7413643351482193
Kuwait,2019,81.96975609756099,31707.87374649174,4442316.0,83.058405539644,99.5427,1643.16491699,,2.2638169055351227
Sub-Saharan Africa (excluding high income),2002,52.38513237444492,677.3518225377558,646942913.0,83.4879913330078,,31.2271368987327,58.0415496826172,6.479532842959031
Czechia,2015,78.5780487804878,17931.59876707676,10546059.0,96.9615478515625,75.6688,1308.8013916,,4.95875848915604
Suriname,2009,69.323,7129.576862629098,543568.0,104.568260192871,31.36,380.04019165,,3.013698982662106
Burundi,2014,59.764,250.5404811118771,10799785.0,121.424109579602,1.04239,18.06601143,61.2900009155273,4.240650214026573
Least developed countries: UN classification,2014,62.95925729597387,1035.1274503112086,940284138.0,101.118438720703,8.2,43.38444753712451,60.8007202148438,5.48103116905861
IDA blend,1992,54.78365097487397,519.4246925251784,318337815.0,75.5901336669922,,,53.8175888061523,2.89167891742359
West Bank and Gaza,1997,70.328,1389.1649713765066,2706518.0,91.3420486450195,,,86.0800018310547,14.667639281480804
Ethiopia,2014,62.927,549.9865770825876,101115610.0,93.1145890062913,7.7,21.6064415,,10.257492961005395
"Iran, Islamic Rep.",2010,74.39,6291.194436523436,77420842.0,98.408576965332,15.9,424.60494995,83.6643491892657,5.797938295902611
Portugal,1994,74.91463414634147,9977.319909057707,9991525.0,,0.719,,,0.9648382785759396
Greece,2017,81.28780487804877,18631.99301292935,10754679.0,98.8267135620117,69.893,1509.7845459,,1.4731247270235173
"Congo, Dem. Rep.",1996,49.376,127.4161328282923,45296124.0,,0.000108,,,-1.0231726419992242
United Arab Emirates,2020,81.936,37173.875409306565,9401038.0,108.069803864287,100.0,2154.41113281,,-4.957052433033155
Qatar,1990,73.405,16721.620771458904,440175.0,,0.0,,,3.4144620822663683
Heavily indebted poor countries (HIPC),2007,57.245930400301184,686.5892204111768,587432384.0,92.7580413818359,,33.766666794950815,53.5172004699707,5.4370685182091165
Estonia,1990,69.47560975609757,,1569174.0,,0.0,,,
Poland,1995,71.89268292682927,3700.959567751443,38594998.0,,0.6479999999999999,,,7.929659563139339
IDA blend,1998,54.8967990190859,964.2611159271212,374262946.0,77.8205108642578,,,58.8309783935547,2.7928658877984134
"Korea, Rep.",2016,82.27560975609758,29280.440317004843,51217803.0,99.7160110473633,92.843,2015.13208008,,2.9468817150862634
Cabo Verde,2012,73.315,3736.8151701108713,511955.0,108.38813689184,34.74,174.66062927,85.3300018310547,1.0836484837616638
"Middle East, North Africa, Afghanistan & Pakistan (IDA & IBRD)",1991,62.63622760049533,1021.7804754188048,369541810.0,,,,,1.2129957511707374
South Sudan,2000,47.591,,6032267.0,,,,,
IBRD only,2010,71.50217950197607,4557.209203075178,4436714947.0,107.380897521973,25.0,230.0249250399168,87.1594924926758,7.82734231629054
Moldova,1997,66.484,657.2921345979496,2936413.0,,0.0281,,,1.6470645603740053
Libya,2014,71.3,8926.420745914742,6427252.0,,17.76,462.19216919,,-23.042805828221503
Channel Islands,2005,80.1,57647.11889080056,153126.0,,,,,
Bermuda,2010,79.414,104111.82424480189,63725.0,106.171371459961,84.21,,,-2.502878289473685
Bermuda,2016,80.476,108747.35614430488,63449.0,,98.0,,,-0.6572063042592049
Equatorial Guinea,2020,62.141,5764.055029129468,1716468.0,,55.0013,230.32144165,,-4.791080833832936
"Congo, Dem. Rep.",1990,48.538,254.87265629250865,36684063.0,59.3284606933594,0.0,,,-6.568310694642463
Hungary,2006,73.09756097560977,11478.489164050112,10071370.0,101.501808166504,47.06,893.20300293,,3.9339316271205433
Jordan,2018,76.491,4145.439896732647,10462306.0,98.8939228109343,65.2,289.47106934,95.4300003051758,1.9190709134156376
Bulgaria,1991,71.5609756097561,883.7365783193251,8632367.0,,,,,-8.445355204546601
New Zealand,2013,81.40487804878049,43000.4646849189,4442100.0,98.8762893676758,82.78,4012.08374023,,2.589541990315979
Switzerland,2019,83.90487804878049,84121.93103044144,8575280.0,101.593048095703,93.1461,9646.91308594,,1.141982189656915
Faroe Islands,1993,76.81707317073172,16374.178334896516,46473.0,,,,,
Dominican Republic,2014,73.145,6496.451669711419,10315528.0,108.064549120947,49.58,312.44223022,91.7600021362305,7.11122629673892
Luxembourg,2017,82.09512195121953,110193.2137972278,596336.0,96.7351989746094,97.363,5713.11865234,,1.3171871375428452
Trinidad and Tobago,2017,72.984,17578.641776586544,1356633.0,,70.6,1083.37609863,,-4.818588906765058
Europe & Central Asia (IDA & IBRD countries),2013,72.79510884246442,10953.725986709169,449206794.0,100.804801940918,53.7,565.1650474387203,98.8806762695312,3.3424167812561905
Chad,1990,45.074,290.59904526219077,5982833.0,50.201831817627,0.0,,,-4.178472372776682
Nicaragua,2008,71.404,1523.6843708640893,5576593.0,121.101028442383,5.3,109.20231628,,3.4357169360808086
Paraguay,1999,69.774,1766.3065728825868,5003135.0,120.88362121582,0.382,,,-1.36607971240079
Togo,1998,53.956,461.1582458549113,4860913.0,112.366470336914,0.306,,,-2.2998765701369877
Comoros,1993,57.026,956.0875757825138,473682.0,90.4742584228516,,,,3.006061307448604
Burkina Faso,2008,55.199,619.4375332562643,15258093.0,71.3662185668945,0.92,28.79026413,,5.799991741053873
Dominican Republic,2004,70.73,2451.691616165686,9104892.0,107.716453552246,8.86555,105.12216187,,2.585566674495766
Tunisia,2002,73.07,2320.7723805784976,9971515.0,112.205703735352,5.25289,124.64620972,,1.3225571482894622
Guatemala,1991,61.926,1014.4027968268234,9272584.0,81.1278686523438,,,,3.658248750068111
Tuvalu,2014,65.278,3528.8585810278178,10984.0,103.576751117735,24.1,527.12036133,,0.0
Ukraine,2001,67.675,800.49072265625,49106855.0,119.877792358398,1.23876,44.14328766,99.4300003051758,8.800000003672224
Uganda,1999,48.977,257.92194960135663,23257281.0,129.493148803711,0.106,,,8.053948377241966
Rwanda,1992,44.397,264.08391451746445,7683266.0,,,,,5.872725241481859
Dominica,2016,71.189,8802.561720413629,69606.0,102.005850396991,67.03,424.15756226,,1.4472455648926257
Channel Islands,2014,81.6,64700.742391613145,162726.0,,,,,2.427101784823108
North Macedonia,2006,73.89512195121952,3440.441105796795,1994287.0,97.4777984619141,28.62,242.60142517,,5.13702516153505
Morocco,2020,73.133,3268.0302734375,36584208.0,112.354037460932,84.1204,185.45245361,,-7.178207442467738
Singapore,2013,82.24634146341465,56967.42579403833,5399162.0,,80.9021,2102.97021484,96.5500030517578,4.817630991206755
"Iran, Islamic Rep.",2007,73.299,4687.991662659148,74602648.0,99.7476577758789,9.47,237.51042175,,8.155773518434643
"Gambia, The",2011,61.561,710.6084114681515,1983784.0,72.1906633471926,10.8703,31.05148888,,-8.130444223156587
East Asia & Pacific,2013,75.33477298640055,9522.667498414894,2267072102.0,104.620399475098,43.2,603.4899253316067,94.6176986694336,5.27368280232055
Antigua and Barbuda,2016,76.968,16556.85518015876,89969.0,107.432655305113,70.9743,817.88891602,,4.120367543806097
Cote d'Ivoire,1992,52.429,844.9022238067383,13200310.0,63.1686782836914,,,,-0.2445606106916358
Slovenia,2018,81.3780487804878,25888.04810656553,2073894.0,99.4630966186523,79.75,2169.57885742,,4.379083473311951
"Gambia, The",1999,56.466,575.4598931512156,1415779.0,71.7938003540039,0.716,,,6.399999050093015
Bolivia,2020,62.906,3099.942190535137,11816299.0,98.2369486079625,59.9401,248.69514465,93.8499984741211,-8.7378843576993
